"","Asylum.seekers...refugees","CP.rights...general","Civil.society","Corruption","Counter.terrorism","Death.penalty","Detention","Development","Disabilities","ESC.rights...general","Elections","Enforced.disappearances","Environment","Extrajudicial.executions","Freedom.of.association.and.peaceful.assembly","Freedom.of.movement","Freedom.of.opinion.and.expression","Freedom.of.religion.and.belief","Freedom.of.the.press","General","HIV...Aids","Human.rights.defenders","Human.rights.education.and.training","Human.rights.violations.by.state.agents","Impunity","Indigenous.peoples","Internally.displaced.persons","International.humanitarian.law","International.instruments","Justice","Labour","Migrants","Minorities","NHRI","National.plan.of.action","Other","Poverty","Public.security","Racial.discrimination","Right.to.education","Right.to.food","Right.to.health","Right.to.housing","Right.to.land","Right.to.water","Rights.of.the.Child","Sexual.Orientation.and.Gender.Identity","Special.procedures","Technical.assistance.and.cooperation","Torture.and.other.CID.treatment","Trafficking","Treaty.bodies","UPR.process","Women.s.rights"
"ALG",0.0223642172523962,0.0308166409861325,0.00389105058365759,0.00921658986175115,0.0261437908496732,0.00233644859813084,0.00929668552950687,0.0632911392405063,0.0243161094224924,0.0319516407599309,0.0169491525423729,0,0.0387096774193548,0,0.00140056022408964,0.0196078431372549,0.00164338537387017,0.0185792349726776,0.00102986611740474,0.0353634577603143,0.0468085106382979,0.0016260162601626,0.0166002656042497,0,0.00269541778975741,0.00953678474114441,0.0246913580246914,0.0238095238095238,0.0219226407962706,0.0107563025210084,0.0586868099941894,0.0625,0.0172612197928654,0.0463432295438088,0.031634446397188,0.0151869158878505,0.0608695652173913,0.0398406374501992,0.0325149303251493,0.032560706401766,0.064,0.0257320319432121,0.0410958904109589,0.0245398773006135,0.0184049079754601,0.0188679245283019,0,0,0.0898395721925134,0.00573936529372046,0.0144092219020173,0.0303555941023417,0.00203665987780041,0.0222158520854235
"ANG",0.00159744408945687,0,0.00518806744487678,0.00921658986175115,0,0.00058411214953271,0,0.0112517580872011,0.00151975683890578,0.00345423143350604,0,0,0,0,0,0,0,0.00109289617486339,0.00102986611740474,0.00392927308447937,0.00851063829787234,0,0.00132802124833997,0,0.00269541778975741,0.0136239782016349,0,0.00238095238095238,0.00113392969635883,0.00302521008403361,0.00232423009877978,0.00416666666666667,0.00345224395857307,0.000724112961622013,0.0070298769771529,0.00116822429906542,0.0111801242236025,0.00796812749003984,0.0053085600530856,0.00993377483443709,0,0.00532386867790594,0,0,0,0.00398834177021015,0,0.00198807157057654,0.00855614973262032,0.00236326806212019,0.00360230547550432,0.00520381613183001,0.00610997963340122,0.0050164827289666
"ARG",0.0431309904153355,0.0338983050847458,0.0012970168612192,0,0.0130718954248366,0.0356308411214953,0.0145513338722716,0,0.0516717325227964,0.0276338514680484,0.00423728813559322,0.182041820418204,0,0.00826446280991736,0.00140056022408964,0,0.00657354149548069,0.0163934426229508,0.00205973223480947,0.00196463654223969,0.025531914893617,0.0032520325203252,0.0112881806108898,0.00704225352112676,0.045822102425876,0.00544959128065395,0.0246913580246914,0.0261904761904762,0.0429633362731511,0.00907563025210084,0.0371876815804765,0.0452380952380952,0.0230149597238205,0.0144822592324403,0.00527240773286467,0.0175233644859813,0.00372670807453416,0,0.0305242203052422,0.00386313465783664,0,0.000887311446317658,0,0,0,0.0133456051541647,0.043859649122807,0.00795228628230616,0.00748663101604278,0.0256583389601621,0.0151296829971182,0.00780572419774501,0.00407331975560081,0.0190626343700731
"ARM",0,0.00308166409861325,0,0,0,0,0.000808407437348424,0.00281293952180028,0.00227963525835866,0.000863557858376511,0,0.003690036900369,0.00645161290322581,0,0,0,0.00246507806080526,0.0087431693989071,0,0.00196463654223969,0,0,0.0119521912350598,0,0.00808625336927224,0.00136239782016349,0,0.00238095238095238,0.00365377346604511,0.00773109243697479,0.000581057524694945,0.00178571428571429,0.0126582278481013,0,0.0070298769771529,0.00233644859813084,0.00124223602484472,0,0.0046449900464499,0.00717439293598234,0,0.00354924578527063,0,0,0,0.00230096640589047,0,0.00132538104705103,0.00106951871657754,0.00135043889264011,0.00288184438040346,0.00173460537727667,0.00203665987780041,0.00243657732549807
"AUL",0.00958466453674121,0.0184899845916795,0.0207522697795071,0.0368663594470046,0.0065359477124183,0.048481308411215,0.0214227970897332,0.00140646976090014,0.0167173252279635,0.0103626943005181,0.0211864406779661,0.002460024600246,0.00645161290322581,0.0413223140495868,0.0476190476190476,0.0294117647058824,0.0451930977814297,0.0163934426229508,0.0350154479917611,0.0157170923379175,0.0127659574468085,0.0308943089430894,0.00796812749003984,0.0316901408450704,0.0134770889487871,0.00953678474114441,0.0308641975308642,0.0285714285714286,0.0229305783041451,0.0272268907563025,0.010459035444509,0.00416666666666667,0.0207134637514384,0.0253439536567705,0.0228471001757469,0.0175233644859813,0.00248447204968944,0.0159362549800797,0.0112806901128069,0.00772626931567329,0,0.0106477373558119,0.0136986301369863,0.0184049079754601,0.00613496932515337,0.0153397760392698,0.0339912280701754,0.00861497680583168,0.00748663101604278,0.0175557056043214,0.0129682997118156,0.00520381613183001,0.00203665987780041,0.0174860255123979
"AUS",0.0111821086261981,0.0277349768875193,0.0492866407263294,0.032258064516129,0.0261437908496732,0.0186915887850467,0.0367825383993533,0.00281293952180028,0.0167173252279635,0.00949913644214162,0.0296610169491525,0.00738007380073801,0.00645161290322581,0.0330578512396694,0.0224089635854342,0,0.0230073952341824,0.033879781420765,0.0453141091658084,0.00785854616895874,0,0.0260162601626016,0.0212483399734396,0.051056338028169,0.0269541778975741,0.0258855585831063,0.0802469135802469,0.0333333333333333,0.0171349376338667,0.0326050420168067,0.00755374782103428,0.00535714285714286,0.0368239355581128,0.00434467776973208,0.0175746924428823,0.00934579439252336,0.00248447204968944,0.0159362549800797,0.019907100199071,0.00883002207505519,0.008,0.0062111801242236,0.0182648401826484,0.0306748466257669,0.0184049079754601,0.0219358797361559,0.0142543859649123,0.0185553346587144,0.0053475935828877,0.024645509790682,0.00792507204610951,0.0190806591500434,0.0570264765784114,0.0170560412784865
"AZE",0.00958466453674121,0,0.0012970168612192,0.0276497695852535,0,0.00292056074766355,0.00606305578011318,0.0168776371308017,0.0113981762917933,0.00518134715025907,0,0.002460024600246,0.0129032258064516,0.00413223140495868,0.00280112044817927,0,0.00164338537387017,0.0109289617486339,0.00411946446961895,0.0471512770137525,0.0127659574468085,0.00650406504065041,0.0126162018592297,0.0105633802816901,0.0134770889487871,0.0149863760217984,0.0308641975308642,0.0142857142857143,0.0100793750787451,0.00605042016806723,0.0145264381173736,0.0142857142857143,0.00632911392405063,0.0181028240405503,0.0210896309314587,0.00817757009345794,0.0434782608695652,0.0119521912350598,0.0145985401459854,0.0149006622516556,0.044,0.0141969831410825,0.0091324200913242,0,0.0122699386503067,0.0101242521859181,0,0.0125911199469848,0.0128342245989305,0.00810263335584065,0.0223342939481268,0.0225498699045967,0.0264765784114053,0.0150494481868998
"BAH",0,0.00308166409861325,0.0012970168612192,0.00921658986175115,0,0,0.00161681487469685,0.00562587904360056,0.00531914893617021,0.00259067357512953,0,0,0,0,0,0,0,0.00327868852459016,0,0.00392927308447937,0,0,0.00398406374501992,0,0,0.00136239782016349,0,0.00476190476190476,0.00113392969635883,0.00168067226890756,0.00290528762347472,0.00119047619047619,0.00402761795166858,0.00144822592324403,0.00527240773286467,0.00116822429906542,0.00372670807453416,0.00796812749003984,0.0059721300597213,0.00551876379690949,0.004,0.0150842945874002,0.0182648401826484,0,0,0.00368154624942476,0,0.000662690523525514,0.00106951871657754,0.00101282916948008,0.00648414985590778,0,0.00203665987780041,0.00515981080693708
"BEL",0.012779552715655,0.00770416024653313,0.0168612191958495,0.0230414746543779,0.0130718954248366,0.0455607476635514,0.0149555375909458,0,0.00379939209726444,0.00172711571675302,0,0.00984009840098401,0,0.0165289256198347,0.0406162464985994,0.00980392156862745,0.0336894001643385,0.014207650273224,0.0247167868177137,0.00196463654223969,0.00851063829787234,0.0357723577235772,0.0132802124833997,0.0193661971830986,0.0377358490566038,0.00272479564032698,0.00617283950617284,0.0214285714285714,0.0133551719793373,0.0188235294117647,0.00813480534572923,0.00238095238095238,0.0109321058688147,0.0057929036929761,0.0123022847100176,0.0116822429906542,0.00496894409937888,0.00398406374501992,0.0106171201061712,0.00772626931567329,0.008,0.0115350488021295,0.0045662100456621,0.0245398773006135,0,0.0153397760392698,0.0328947368421053,0.0139165009940358,0.00213903743315508,0.0131667792032411,0.0122478386167147,0.00520381613183001,0.00610997963340122,0.0149061201089293
"BFO",0.00159744408945687,0,0.0012970168612192,0,0.0065359477124183,0,0.000808407437348424,0.00281293952180028,0.00303951367781155,0.000863557858376511,0.00423728813559322,0.00492004920049201,0,0,0,0,0,0,0,0.00589390962671906,0,0,0.00265604249667995,0,0,0,0,0.00476190476190476,0.00529167191634119,0.00168067226890756,0.010459035444509,0.0119047619047619,0.000575373993095512,0.00868935553946416,0.00351493848857645,0.00116822429906542,0.00372670807453416,0,0.0019907100199071,0.0033112582781457,0,0.000887311446317658,0,0.00613496932515337,0,0.00383494400981746,0,0.00265076209410205,0.0106951871657754,0.00270087778528022,0.00360230547550432,0.00520381613183001,0.00407331975560081,0.00214992116955712
"BLR",0.012779552715655,0.00462249614791988,0.00778210116731518,0.00460829493087558,0.0392156862745098,0,0.00606305578011318,0.0154711673699015,0.00455927051671732,0.00863557858376511,0.00423728813559322,0.00492004920049201,0.00645161290322581,0.00413223140495868,0.00420168067226891,0,0,0.00327868852459016,0.00102986611740474,0.00785854616895874,0.00851063829787234,0.0016260162601626,0.000664010624169987,0.0193661971830986,0,0.00544959128065395,0.0123456790123457,0,0.00466171097391962,0.0026890756302521,0.0122022080185938,0.018452380952381,0.00575373993095512,0,0.0140597539543058,0.0105140186915888,0.0136645962732919,0.00398406374501992,0.0086264100862641,0.011037527593819,0.008,0.0150842945874002,0.0045662100456621,0,0.0122699386503067,0.0138057984353428,0.00109649122807018,0.0318091451292246,0.00320855614973262,0.00844024307900068,0.0706051873198847,0.00433651344319167,0.00203665987780041,0.00687974774258277
"BNG",0.0111821086261981,0.00154083204930663,0.00259403372243839,0,0,0,0,0.0365682137834037,0.00531914893617021,0.0103626943005181,0,0,0.0451612903225806,0,0,0,0.00410846343467543,0.014207650273224,0.00308959835221421,0.00589390962671906,0.0425531914893617,0,0.00199203187250996,0.00704225352112676,0.00269541778975741,0.0108991825613079,0.00617283950617284,0,0.000881945319390198,0.00134453781512605,0.00639163277164439,0.0267857142857143,0.0178365937859609,0.00506879073135409,0.00351493848857645,0.0175233644859813,0.0546583850931677,0.00796812749003984,0.019907100199071,0.0149006622516556,0.028,0.0168589174800355,0.0045662100456621,0,0.0184049079754601,0.00736309249884952,0.00109649122807018,0.00132538104705103,0.0631016042780749,0.00101282916948008,0.0100864553314121,0.00607111882046834,0.00407331975560081,0.0104629496918446
"BOL",0.00159744408945687,0,0.00518806744487678,0.00460829493087558,0,0.00058411214953271,0.00121261115602264,0.00421940928270042,0.00151975683890578,0.00345423143350604,0.00423728813559322,0.001230012300123,0.032258064516129,0,0.00140056022408964,0.0196078431372549,0,0,0,0.00982318271119843,0,0,0.00332005312084993,0.00176056338028169,0.00269541778975741,0.0517711171662125,0,0.00714285714285714,0.00655159380118433,0.00168067226890756,0.00464846019755956,0.00833333333333333,0.00287686996547756,0.00362056480811007,0.0070298769771529,0.0198598130841121,0.0062111801242236,0,0.0092899800928998,0.00717439293598234,0.02,0.00532386867790594,0.0045662100456621,0.00613496932515337,0.0552147239263804,0.00138057984353428,0,0.00265076209410205,0.00641711229946524,0.00101282916948008,0.00288184438040346,0.002601908065915,0.00407331975560081,0.00257990540346854
"BOT",0.00159744408945687,0.0061633281972265,0.0012970168612192,0.00921658986175115,0,0,0.000404203718674212,0.00140646976090014,0.00151975683890578,0.00172711571675302,0.00423728813559322,0,0,0,0.00140056022408964,0.00980392156862745,0.00328677074774034,0.00327868852459016,0.00102986611740474,0,0.025531914893617,0.0016260162601626,0.00265604249667995,0.00704225352112676,0.00539083557951483,0,0,0.00238095238095238,0.00226785939271765,0.00638655462184874,0.000581057524694945,0,0.00230149597238205,0.00217233888486604,0.00351493848857645,0,0.0062111801242236,0.00398406374501992,0.0053085600530856,0.000551876379690949,0,0.00177462289263532,0,0,0,0.00352814848903206,0,0.00198807157057654,0.00962566844919786,0.00438892640108035,0.00648414985590778,0.00520381613183001,0,0.00358320194926186
"BRA",0.0527156549520767,0.0431432973805855,0.00389105058365759,0.00460829493087558,0.0196078431372549,0.0321261682242991,0.0270816491511722,0.00140646976090014,0.0197568389057751,0.0215889464594128,0.0169491525423729,0.020910209102091,0,0.00826446280991736,0.00700280112044818,0.0294117647058824,0.0106820049301561,0.0109289617486339,0.0082389289392379,0.0609037328094303,0.0382978723404255,0.0146341463414634,0.0119521912350598,0.0105633802816901,0.0161725067385445,0.0149863760217984,0.0185185185185185,0.0119047619047619,0.0327579690059216,0.0184873949579832,0.0203370133643231,0.0255952380952381,0.0207134637514384,0.0057929036929761,0.0175746924428823,0.0210280373831776,0.0211180124223602,0.00796812749003984,0.0325149303251493,0.011037527593819,0.048,0.0124223602484472,0.0091324200913242,0.0184049079754601,0.0184049079754601,0.0282251879122565,0.0230263157894737,0.0497017892644135,0.0192513368983957,0.0388251181634031,0.0100864553314121,0.0147441457068517,0.0122199592668024,0.0272323348143901
"CAN",0.0447284345047923,0.036979969183359,0.0648508430609598,0.0737327188940092,0.0130718954248366,0.0157710280373832,0.0485044462409054,0.00421940928270042,0.0174772036474164,0.0129533678756477,0.0932203389830508,0.00738007380073801,0.00645161290322581,0.0619834710743802,0.0854341736694678,0.0490196078431373,0.0829909613804437,0.053551912568306,0.0895983522142122,0.00392927308447937,0.0468085106382979,0.0504065040650407,0.051128818061089,0.0809859154929577,0.0269541778975741,0.0190735694822888,0.0679012345679012,0.0333333333333333,0.0202847423459745,0.0443697478991597,0.0220801859384079,0.0178571428571429,0.0339470655926352,0.0231716147719044,0.0175746924428823,0.0245327102803738,0.00372670807453416,0.0358565737051793,0.0298606502986065,0.0154525386313466,0.016,0.00887311446317657,0.0319634703196347,0.0613496932515337,0.0122699386503067,0.0286853811934346,0.0888157894736842,0.0198807157057654,0.00641711229946524,0.0243079000675219,0.0288184438040346,0.0277536860364267,0.0142566191446029,0.0376952845062348
"CDI",0.00798722044728434,0.00308166409861325,0.0012970168612192,0.0138248847926267,0,0.00058411214953271,0.000808407437348424,0.0070323488045007,0.00303951367781155,0.000863557858376511,0.00423728813559322,0,0.0129032258064516,0.00413223140495868,0,0,0.000821692686935086,0.00109289617486339,0.00102986611740474,0.00196463654223969,0,0,0.000664010624169987,0.00176056338028169,0.00269541778975741,0.00272479564032698,0.0185185185185185,0.00476190476190476,0.00214186720423334,0.00134453781512605,0.000581057524694945,0.00357142857142857,0.00345224395857307,0.00434467776973208,0.00351493848857645,0.00467289719626168,0.00496894409937888,0.0119521912350598,0.0033178500331785,0.00275938189845475,0.008,0.00266193433895297,0.0045662100456621,0,0.00613496932515337,0.00168737536431968,0,0.00530152418820411,0.0106951871657754,0.00202565833896016,0.00216138328530259,0.00607111882046834,0.0162932790224033,0.00243657732549807
"CHA",0.00479233226837061,0.00154083204930663,0,0,0,0.00058411214953271,0.000808407437348424,0.00140646976090014,0.000759878419452888,0.00172711571675302,0,0,0,0,0.00420168067226891,0,0,0.00109289617486339,0.00102986611740474,0.0157170923379175,0,0.0016260162601626,0.00332005312084993,0,0,0.00136239782016349,0,0.00238095238095238,0.0054176641048255,0.000672268907563025,0.00639163277164439,0.00535714285714286,0.000575373993095512,0.00144822592324403,0.00175746924428822,0.0058411214953271,0.00372670807453416,0,0.0039814200398142,0.0033112582781457,0,0.000887311446317658,0,0,0,0.000766988801963491,0,0.00530152418820411,0.0192513368983957,0.00202565833896016,0.00144092219020173,0.01040763226366,0.00203665987780041,0.000716640389852372
"CHL",0.0159744408945687,0.036979969183359,0.012970168612192,0.00460829493087558,0,0.0268691588785047,0.0185933710590137,0.00140646976090014,0.0220364741641337,0.00690846286701209,0.00423728813559322,0.031980319803198,0.00645161290322581,0.00826446280991736,0.00980392156862745,0.0196078431372549,0.0197206244864421,0.00983606557377049,0.0144181256436663,0,0.0127659574468085,0.0130081300813008,0.00664010624169987,0.00352112676056338,0.00539083557951483,0.00408719346049046,0.0493827160493827,0.0285714285714286,0.0226785939271765,0.0184873949579832,0.0151074956420686,0.018452380952381,0.0172612197928654,0.0115858073859522,0.0123022847100176,0.0116822429906542,0.00745341614906832,0.0159362549800797,0.0126078301260783,0.0115894039735099,0.028,0.0115350488021295,0.0228310502283105,0.00613496932515337,0.0245398773006135,0.0211688909341924,0.0164473684210526,0.0318091451292246,0.0149732620320856,0.025320729237002,0.00648414985590778,0.0390286209887251,0,0.019635946681955
"CHN",0.00319488817891374,0,0.00259403372243839,0,0.0065359477124183,0,0.000808407437348424,0.0872011251758087,0.0144376899696049,0.0233160621761658,0,0,0.0129032258064516,0,0,0,0,0.00655737704918033,0,0.00589390962671906,0.0127659574468085,0,0.00199203187250996,0.00176056338028169,0,0.00953678474114441,0.00617283950617284,0,0.00214186720423334,0.00168067226890756,0.00464846019755956,0.00773809523809524,0.0126582278481013,0.000724112961622013,0.0123022847100176,0.0058411214953271,0.0658385093167702,0.0119521912350598,0.0112806901128069,0.0176600441501104,0.008,0.0212954747116238,0.0273972602739726,0,0.0184049079754601,0.00506212609295904,0,0.00132538104705103,0.0149732620320856,0.000337609723160027,0.000720461095100865,0.002601908065915,0.00610997963340122,0.00687974774258277
"COL",0,0,0.00518806744487678,0,0,0,0.000404203718674212,0,0.00531914893617021,0.000863557858376511,0.00423728813559322,0.002460024600246,0,0,0.00140056022408964,0,0.00164338537387017,0,0.00308959835221421,0.00196463654223969,0.00851063829787234,0.00813008130081301,0.00132802124833997,0,0,0.00408719346049046,0.0123456790123457,0,0.00062996094242157,0.00235294117647059,0.00290528762347472,0.00476190476190476,0.00575373993095512,0.00144822592324403,0.00527240773286467,0.00233644859813084,0.00248447204968944,0.00398406374501992,0.0059721300597213,0.00165562913907285,0.004,0.00798580301685892,0.0045662100456621,0,0,0.00260776192667587,0.0153508771929825,0,0,0,0.00144092219020173,0,0.0162932790224033,0.00472982657302566
"COS",0,0.00462249614791988,0.0012970168612192,0,0.0065359477124183,0.00700934579439252,0.0157639450282943,0.00281293952180028,0.0212765957446809,0.0077720207253886,0,0.00738007380073801,0.00645161290322581,0.012396694214876,0.00560224089635854,0,0.00246507806080526,0.00109289617486339,0.00308959835221421,0,0.00425531914893617,0,0.0146082337317397,0.0123239436619718,0.0134770889487871,0.00953678474114441,0,0.00952380952380952,0.0122212422829785,0.0104201680672269,0.0052295177222545,0.00119047619047619,0.00575373993095512,0.00724112961622013,0.0070298769771529,0.00350467289719626,0.00248447204968944,0.00796812749003984,0.0072992700729927,0.00883002207505519,0.004,0.00354924578527063,0,0,0,0.0085902745819911,0,0.0119284294234592,0.00320855614973262,0.0212694125590817,0.00792507204610951,0.01040763226366,0.00814663951120163,0.00573312311881898
"CUB",0,0.00154083204930663,0.00518806744487678,0.0184331797235023,0.0457516339869281,0.00058411214953271,0.00363783346806791,0.109704641350211,0.013677811550152,0.0336787564766839,0,0.002460024600246,0.0387096774193548,0.012396694214876,0.00140056022408964,0.0294117647058824,0.00164338537387017,0.00437158469945355,0,0.0235756385068762,0.0382978723404255,0.0016260162601626,0.00132802124833997,0.00528169014084507,0.00808625336927224,0.00953678474114441,0.00617283950617284,0.0142857142857143,0.00239385158120197,0.00168067226890756,0.00406740267286461,0.00892857142857143,0.0138089758342923,0.000724112961622013,0.00527240773286467,0.0257009345794393,0.0596273291925466,0.0199203187250996,0.0185799601857996,0.0568432671081678,0.032,0.102040816326531,0.0136986301369863,0.0122699386503067,0,0.00782328578002761,0,0.000662690523525514,0.00855614973262032,0.00202565833896016,0.00216138328530259,0.00173460537727667,0,0.00802637236634657
"CZR",0.0479233226837061,0.0231124807395994,0.0246433203631647,0.00921658986175115,0.0196078431372549,0.0116822429906542,0.0650767987065481,0,0.00683890577507599,0.00345423143350604,0.0720338983050847,0.00615006150061501,0,0.0454545454545455,0.0518207282913165,0.0490196078431373,0.0451930977814297,0.014207650273224,0.0504634397528321,0.00392927308447937,0.0382978723404255,0.0601626016260163,0.0438247011952191,0.0528169014084507,0.0296495956873315,0.00817438692098093,0.0493827160493827,0.00952380952380952,0.0201587501574902,0.0198319327731092,0.00232423009877978,0.00238095238095238,0.022439585730725,0.0057929036929761,0.00175746924428822,0.0116822429906542,0,0.0119521912350598,0.013271400132714,0.00662251655629139,0.004,0.00354924578527063,0.0045662100456621,0,0,0.0154931737996625,0.0668859649122807,0.0238568588469185,0.00213903743315508,0.0530047265361242,0.00504322766570605,0.013009540329575,0.010183299389002,0.0160527447326931
"DEN",0.00479233226837061,0.00308166409861325,0.00778210116731518,0,0,0.00350467289719626,0.0214227970897332,0.00140646976090014,0.00151975683890578,0.00172711571675302,0,0,0,0.0165289256198347,0.00700280112044818,0,0.00739523418241578,0.0131147540983607,0.0102986611740474,0.00392927308447937,0,0.00650406504065041,0.00332005312084993,0.0246478873239437,0.0134770889487871,0.0258855585831063,0,0.00714285714285714,0.00907143757087061,0.00672268907563025,0.00174317257408483,0.000595238095238095,0.00978135788262371,0.0101375814627082,0.00527240773286467,0.00233644859813084,0,0,0.0079628400796284,0.00165562913907285,0,0.000887311446317658,0.0091324200913242,0.0184049079754601,0.00613496932515337,0.00322135296824666,0.0087719298245614,0.0099403578528827,0.00106951871657754,0.0300472653612424,0.00144092219020173,0.00780572419774501,0.00407331975560081,0.00343987387129139
"DJI",0.00958466453674121,0.00154083204930663,0.00389105058365759,0,0,0.00467289719626168,0.00848827809215845,0.00843881856540084,0.0159574468085106,0.00259067357512953,0,0.001230012300123,0,0.00413223140495868,0,0,0.000821692686935086,0.00327868852459016,0.00102986611740474,0.0117878192534381,0.00851063829787234,0.0032520325203252,0.00929614873837981,0.00176056338028169,0,0.00817438692098093,0,0.00476190476190476,0.00289782033513922,0.00302521008403361,0.00581057524694945,0.00476190476190476,0.0046029919447641,0.00434467776973208,0.00175746924428822,0.0128504672897196,0.0062111801242236,0.0119521912350598,0.0033178500331785,0.00993377483443709,0.004,0.0115350488021295,0.0136986301369863,0.00613496932515337,0,0.00644270593649333,0,0.000662690523525514,0.00427807486631016,0.0037137069547603,0.00288184438040346,0.00346921075455334,0.00407331975560081,0.00515981080693708
"DRV",0.00159744408945687,0.00924499229583975,0.0012970168612192,0.00460829493087558,0,0,0.000404203718674212,0.0590717299578059,0.00759878419452888,0.0345423143350604,0,0,0.0129032258064516,0,0,0,0.00164338537387017,0.00327868852459016,0,0.0196463654223969,0,0,0.00664010624169987,0,0,0.00817438692098093,0.00617283950617284,0,0.00226785939271765,0.0117647058823529,0.00290528762347472,0.0107142857142857,0.0126582278481013,0.00217233888486604,0.00527240773286467,0.00934579439252336,0.0347826086956522,0.0119521912350598,0.006635700066357,0.0182119205298013,0.048,0.0186335403726708,0.0228310502283105,0,0,0.00797668354042031,0,0.00132538104705103,0.0053475935828877,0.000675219446320054,0.00864553314121038,0.00173460537727667,0.010183299389002,0.00960298122402179
"ECU",0.0415335463258786,0.00770416024653313,0.0012970168612192,0,0.0130718954248366,0.0110981308411215,0.0105092966855295,0.00421940928270042,0.0227963525835866,0.0207253886010363,0.00423728813559322,0.019680196801968,0.0129032258064516,0.00413223140495868,0,0.00980392156862745,0,0.00546448087431694,0.00102986611740474,0.00785854616895874,0.00425531914893617,0,0.00398406374501992,0.0158450704225352,0.0134770889487871,0.0231607629427793,0.0185185185185185,0.0142857142857143,0.017260929822351,0.00672268907563025,0.0325392213829169,0.0398809523809524,0.0103567318757192,0.00651701665459812,0.00351493848857645,0.0105140186915888,0.0136645962732919,0.00398406374501992,0.0152621101526211,0.00827814569536424,0.008,0.00266193433895297,0.0136986301369863,0.0122699386503067,0.0122699386503067,0.0124252185918086,0,0.00728959575878065,0.00106951871657754,0.0104659014179608,0.0100864553314121,0.00433651344319167,0,0.00974630930199226
"EGY",0.00958466453674121,0.00770416024653313,0.00778210116731518,0.00460829493087558,0.0065359477124183,0.00642523364485981,0.00606305578011318,0.019690576652602,0.0182370820668693,0.0276338514680484,0.0127118644067797,0,0.032258064516129,0.00413223140495868,0,0.0196078431372549,0.00328677074774034,0.0185792349726776,0.00102986611740474,0.0510805500982318,0.0212765957446809,0.0016260162601626,0.0292164674634794,0.00528169014084507,0.00269541778975741,0.00544959128065395,0,0.00714285714285714,0.015245054806602,0.00672268907563025,0.0371876815804765,0.0428571428571429,0.00747986191024166,0.0304127443881245,0.0193321616871705,0.044392523364486,0.0211180124223602,0.0199203187250996,0.039814200398142,0.0226269315673289,0.032,0.0195208518189885,0.0136986301369863,0.0368098159509202,0.0552147239263804,0.0145727872373063,0,0.000662690523525514,0.0385026737967914,0.00303848750844024,0.0259365994236311,0.0112749349522984,0.010183299389002,0.0136161674071951
"EST",0,0.0169491525423729,0.00389105058365759,0.00460829493087558,0,0.0122663551401869,0.0125303152789006,0,0.00379939209726444,0,0,0,0,0,0.00280112044817927,0,0.0164338537387017,0,0.0154479917610711,0,0,0.00650406504065041,0.00199203187250996,0.00176056338028169,0.00269541778975741,0.00681198910081744,0,0.0142857142857143,0.0156230313720549,0.0194957983193277,0.000581057524694945,0,0,0.000724112961622013,0.0070298769771529,0.00350467289719626,0.00124223602484472,0,0.0006635700066357,0.00275938189845475,0,0,0,0.00613496932515337,0,0.00368154624942476,0.00328947368421053,0.00132538104705103,0,0.0114787305874409,0.00216138328530259,0.002601908065915,0,0.00343987387129139
"FIN",0.00479233226837061,0.00770416024653313,0.00778210116731518,0,0.0065359477124183,0.0058411214953271,0.000808407437348424,0,0.00759878419452888,0.00345423143350604,0.00423728813559322,0,0.00645161290322581,0.00413223140495868,0.00700280112044818,0,0.00739523418241578,0.00437158469945355,0.00411946446961895,0,0.00425531914893617,0.0113821138211382,0.00464807436918991,0.00352112676056338,0.00808625336927224,0.0217983651226158,0.0123456790123457,0.00714285714285714,0.00566964848179413,0.00739495798319328,0.00348634514816967,0.00178571428571429,0.0212888377445339,0.00506879073135409,0.00351493848857645,0.00700934579439252,0.00496894409937888,0,0.0053085600530856,0.0182119205298013,0.004,0.00709849157054126,0.0045662100456621,0.0245398773006135,0,0.0102776499463108,0.0109649122807018,0.00198807157057654,0.00213903743315508,0.00303848750844024,0.00288184438040346,0.0112749349522984,0,0.00960298122402179
"FRN",0.0255591054313099,0.049306625577812,0.0298313878080415,0.00460829493087558,0.0457516339869281,0.0788551401869159,0.0501212611156023,0.00281293952180028,0.0151975683890578,0.0267702936096718,0.0338983050847458,0.198031980319803,0,0.0537190082644628,0.0560224089635854,0.0490196078431373,0.0599835661462613,0.0251366120218579,0.0679711637487127,0.00392927308447937,0.00425531914893617,0.0487804878048781,0.0139442231075697,0.0387323943661972,0.0889487870619946,0.0177111716621253,0.0185185185185185,0.0285714285714286,0.054176641048255,0.0447058823529412,0.0197559558396281,0.0101190476190476,0.0109321058688147,0.0427226647356988,0.0105448154657293,0.0058411214953271,0.00124223602484472,0.0159362549800797,0.0205706702057067,0.00441501103752759,0.004,0.0124223602484472,0.0182648401826484,0.0306748466257669,0,0.0225494707777266,0.0778508771929825,0.0284956925115971,0.00855614973262032,0.0557056043214045,0.015850144092219,0.0277536860364267,0.00203665987780041,0.027805647126272
"GHA",0.012779552715655,0.00770416024653313,0.00518806744487678,0.00460829493087558,0.0065359477124183,0,0.00565885206143896,0.00281293952180028,0.00835866261398176,0.00431778929188256,0.00847457627118644,0.00738007380073801,0,0.00413223140495868,0.00420168067226891,0,0.00657354149548069,0.00437158469945355,0.00205973223480947,0.00785854616895874,0,0,0.00398406374501992,0.00528169014084507,0.00808625336927224,0.00953678474114441,0.0123456790123457,0.00476190476190476,0.00907143757087061,0.00705882352941176,0.0116211504938989,0.0136904761904762,0.00920598388952819,0.0173787110789283,0.0070298769771529,0.00467289719626168,0.00496894409937888,0.00398406374501992,0.0099535500995355,0.00938189845474614,0.004,0.00532386867790594,0.0091324200913242,0.00613496932515337,0,0.00705629697806412,0,0.00662690523525514,0.00748663101604278,0.00675219446320054,0.00144092219020173,0.0216825672159584,0.00407331975560081,0.00945965314605131
"GMY",0.012779552715655,0.0215716486902928,0.0259403372243839,0.032258064516129,0.0196078431372549,0.0327102803738318,0.028698464025869,0.00140646976090014,0.00683890577507599,0.0172711571675302,0.0127118644067797,0.01230012300123,0.00645161290322581,0.0289256198347107,0.0476190476190476,0,0.0336894001643385,0.019672131147541,0.0411946446961895,0.00392927308447937,0.0170212765957447,0.0276422764227642,0.0192563081009296,0.0387323943661972,0.0485175202156334,0.0177111716621253,0.00617283950617284,0.0142857142857143,0.0157490235605392,0.0252100840336134,0.0156885531667635,0.00238095238095238,0.0126582278481013,0.0238957277335264,0.0105448154657293,0.00934579439252336,0.00124223602484472,0.0159362549800797,0.0099535500995355,0.00551876379690949,0.004,0.00887311446317657,0.0136986301369863,0.0184049079754601,0.0245398773006135,0.0231630618192974,0.0164473684210526,0.0132538104705103,0.00855614973262032,0.0334233625928427,0.0151296829971182,0.0216825672159584,0.0142566191446029,0.0173426974344274
"GRC",0.00319488817891374,0.00154083204930663,0,0,0.0065359477124183,0.00642523364485981,0.00323362974939369,0.00140646976090014,0.00455927051671732,0.000863557858376511,0.00423728813559322,0.002460024600246,0,0.00413223140495868,0.00140056022408964,0.00980392156862745,0.0057518488085456,0.00655737704918033,0.00411946446961895,0.00589390962671906,0.00425531914893617,0.0016260162601626,0.00464807436918991,0,0,0.00953678474114441,0.0185185185185185,0.00714285714285714,0.00302381252362354,0.0026890756302521,0.000581057524694945,0.00119047619047619,0.00632911392405063,0.00651701665459812,0.00175746924428822,0.00350467289719626,0.00372670807453416,0.00398406374501992,0.0059721300597213,0.00386313465783664,0.016,0.000887311446317658,0,0.0122699386503067,0,0.00429513729099555,0.00328947368421053,0.00530152418820411,0,0.00303848750844024,0.00792507204610951,0,0,0.0061631073527304
"GUA",0.00319488817891374,0.00462249614791988,0,0,0,0,0.00242522231204527,0.00140646976090014,0.000759878419452888,0.000863557858376511,0,0.001230012300123,0,0,0,0,0,0,0,0,0,0,0.00332005312084993,0.00352112676056338,0,0.0108991825613079,0,0.00238095238095238,0.00604762504724707,0.00201680672268908,0.0156885531667635,0.0232142857142857,0.00345224395857307,0.00289645184648805,0,0.00233644859813084,0,0,0.0053085600530856,0.000551876379690949,0,0.000887311446317658,0,0,0,0.00184077312471238,0,0.0198807157057654,0.00106951871657754,0.00438892640108035,0.000720461095100865,0.00433651344319167,0.0122199592668024,0.00300988963737996
"HUN",0.0111821086261981,0.0184899845916795,0.0207522697795071,0.00921658986175115,0.0065359477124183,0.0210280373831776,0.0202101859337106,0,0.0197568389057751,0.00604490500863558,0.0127118644067797,0.00492004920049201,0,0.0289256198347107,0.0140056022408964,0.00980392156862745,0.00903861955628595,0.00437158469945355,0.0102986611740474,0,0.0170212765957447,0.0211382113821138,0.0099601593625498,0.0158450704225352,0.0107816711590297,0.0163487738419619,0.0123456790123457,0.019047619047619,0.0160010079375079,0.0174789915966387,0.00639163277164439,0.00238095238095238,0.00920598388952819,0.0181028240405503,0.0123022847100176,0.00934579439252336,0.00248447204968944,0.00398406374501992,0.006635700066357,0.0132450331125828,0.008,0.00354924578527063,0,0.0184049079754601,0.0122699386503067,0.01932811780948,0.00219298245614035,0.0351225977468522,0.00748663101604278,0.0212694125590817,0.00936599423631124,0.01561144839549,0.0610997963340122,0.0106062777698151
"IND",0.00159744408945687,0.00308166409861325,0.0012970168612192,0,0,0,0.00161681487469685,0.00562587904360056,0.00683890577507599,0.00172711571675302,0.00423728813559322,0,0,0,0,0.00980392156862745,0.00246507806080526,0.00218579234972678,0,0.00589390962671906,0.00425531914893617,0,0.000664010624169987,0.00176056338028169,0,0.00272479564032698,0,0.00238095238095238,0.00226785939271765,0.00134453781512605,0.00174317257408483,0.00238095238095238,0.0109321058688147,0.0202751629254164,0,0.00817757009345794,0,0,0.0079628400796284,0.00386313465783664,0.008,0.00798580301685892,0.0091324200913242,0,0,0.00368154624942476,0,0.00198807157057654,0.00106951871657754,0.000675219446320054,0.00648414985590778,0.002601908065915,0.00203665987780041,0.00401318618317328
"INS",0.00479233226837061,0.0138674884437596,0.0103761348897536,0.0184331797235023,0,0,0.00242522231204527,0.0070323488045007,0.0121580547112462,0.0103626943005181,0.00423728813559322,0.003690036900369,0,0.00826446280991736,0.00420168067226891,0,0.00493015612161052,0.0131147540983607,0.00411946446961895,0.00785854616895874,0.00851063829787234,0.0016260162601626,0.0119521912350598,0.00352112676056338,0,0.00544959128065395,0,0,0.0113392969635883,0.00840336134453781,0.0302149912841371,0.030952380952381,0.00632911392405063,0.0376538740043447,0.0527240773286467,0.00817757009345794,0.0111801242236025,0.00398406374501992,0.0145985401459854,0.0259381898454746,0.004,0.0150842945874002,0.0228310502283105,0.00613496932515337,0.00613496932515337,0.0108912409878816,0,0.00265076209410205,0.0128342245989305,0.00573936529372046,0.0165706051873199,0.00520381613183001,0.00814663951120163,0.0116095743156084
"IRE",0.00958466453674121,0.00924499229583975,0.0324254215304799,0.00460829493087558,0.0065359477124183,0.0105140186915888,0.0125303152789006,0,0.00379939209726444,0.00518134715025907,0.0254237288135593,0.00492004920049201,0.00645161290322581,0.012396694214876,0.0336134453781513,0.00980392156862745,0.0197206244864421,0.00983606557377049,0.0267765190525232,0.00392927308447937,0.0170212765957447,0.0617886178861789,0.00796812749003984,0.0140845070422535,0.0215633423180593,0.00817438692098093,0.00617283950617284,0.019047619047619,0.00730754693209021,0.0121008403361345,0.0052295177222545,0.00178571428571429,0.00747986191024166,0.0101375814627082,0.0123022847100176,0.00700934579439252,0,0.0119521912350598,0.0072992700729927,0.00496688741721854,0.004,0.00887311446317657,0.0045662100456621,0.0184049079754601,0.00613496932515337,0.00981745666513269,0.0208333333333333,0.0145791915175613,0.00213903743315508,0.012491559756921,0.00360230547550432,0.00954032957502168,0.00407331975560081,0.00931632506808084
"IRN",0.0159744408945687,0.00770416024653313,0.0012970168612192,0.00460829493087558,0.0196078431372549,0,0.00808407437348424,0.029535864978903,0.020516717325228,0.0250431778929188,0.0169491525423729,0.001230012300123,0.032258064516129,0,0.00140056022408964,0,0.00246507806080526,0.0295081967213115,0.00102986611740474,0.0235756385068762,0.0297872340425532,0,0.00863213811420983,0.0176056338028169,0.00539083557951483,0.0217983651226158,0,0.019047619047619,0.00617361723573138,0.0100840336134454,0.0180127832655433,0.0178571428571429,0.0276179516685846,0.00506879073135409,0.0404217926186292,0.022196261682243,0.022360248447205,0.00398406374501992,0.0451227604512276,0.0253863134657837,0.02,0.0275066548358474,0.0091324200913242,0.00613496932515337,0.0184049079754601,0.0194815155698727,0,0.00265076209410205,0.00855614973262032,0.00405131667792032,0.0252161383285303,0.00693842150910668,0.00407331975560081,0.00988963737996273
"IRQ",0.00958466453674121,0.00154083204930663,0.00259403372243839,0,0.0065359477124183,0.00058411214953271,0.00404203718674212,0.00421940928270042,0.0113981762917933,0.00949913644214162,0,0.020910209102091,0,0,0,0,0.00164338537387017,0.00327868852459016,0.00205973223480947,0.00196463654223969,0,0.0032520325203252,0.00332005312084993,0.00176056338028169,0,0.00817438692098093,0,0.00238095238095238,0.00617361723573138,0.00134453781512605,0.00581057524694945,0.00416666666666667,0.00287686996547756,0.00289645184648805,0.00175746924428822,0.00350467289719626,0.0062111801242236,0,0.0039814200398142,0.0022075055187638,0,0.00354924578527063,0.0045662100456621,0,0,0.00291455744746127,0,0.0046388336646786,0.00106951871657754,0.00236326806212019,0.00360230547550432,0.00173460537727667,0,0.00329654579332091
"ISR",0.00319488817891374,0,0.00907911802853437,0.00921658986175115,0,0.00467289719626168,0.00323362974939369,0,0.00759878419452888,0.00172711571675302,0.00423728813559322,0.001230012300123,0.00645161290322581,0.012396694214876,0.015406162464986,0,0.0147904683648316,0.00546448087431694,0.00926879505664264,0.00196463654223969,0.00425531914893617,0.00813008130081301,0.00132802124833997,0.0105633802816901,0.00539083557951483,0.00136239782016349,0,0.00476190476190476,0.00264583595817059,0.00705882352941176,0.00464846019755956,0.00297619047619048,0.00863060989643268,0.00217233888486604,0.0070298769771529,0.00817757009345794,0,0.00398406374501992,0.0092899800928998,0.0022075055187638,0,0.00532386867790594,0,0,0.00613496932515337,0.00782328578002761,0.0043859649122807,0.00728959575878065,0.00427807486631016,0.0050641458474004,0.0136887608069164,0.0364267129228101,0.00203665987780041,0.0073097319764942
"ITA",0.00479233226837061,0.0231124807395994,0.0207522697795071,0.0276497695852535,0.0065359477124183,0.066588785046729,0.0181891673403395,0.00140646976090014,0.00911854103343465,0.0120898100172712,0.00847457627118644,0,0.00645161290322581,0.0206611570247934,0.0168067226890756,0.0294117647058824,0.0213640098603122,0.0469945355191257,0.0247167868177137,0.00982318271119843,0,0.0146341463414634,0.0318725099601594,0.0193661971830986,0.0107816711590297,0.0108991825613079,0.00617283950617284,0.0142857142857143,0.0127252110369157,0.0151260504201681,0.0168506682161534,0.00297619047619048,0.0138089758342923,0,0.00527240773286467,0.00467289719626168,0.00124223602484472,0.0199203187250996,0.0053085600530856,0.0165562913907285,0.004,0.00266193433895297,0.0091324200913242,0.0184049079754601,0.00613496932515337,0.0279183923914711,0.0109649122807018,0.00728959575878065,0.00320855614973262,0.0243079000675219,0.00864553314121038,0.0164787510841284,0.00610997963340122,0.0204959151497778
"JOR",0.012779552715655,0.00154083204930663,0.00518806744487678,0.00921658986175115,0,0,0.00121261115602264,0.00281293952180028,0.00759878419452888,0.00690846286701209,0,0,0,0,0,0.0294117647058824,0,0.0153005464480874,0,0.0275049115913556,0,0,0.0159362549800797,0,0,0.00953678474114441,0.00617283950617284,0.00238095238095238,0.00239385158120197,0.00302521008403361,0.00174317257408483,0.00297619047619048,0.00632911392405063,0.0101375814627082,0.00351493848857645,0.00934579439252336,0,0,0.0026542800265428,0.0022075055187638,0,0.00177462289263532,0.0045662100456621,0.0184049079754601,0,0.00521552385335174,0,0.0112657388999337,0,0.000675219446320054,0.000720461095100865,0.013009540329575,0,0.00415651426114376
"JPN",0.00798722044728434,0.0184899845916795,0.00259403372243839,0.00460829493087558,0.0065359477124183,0.00058411214953271,0.00565885206143896,0,0.00379939209726444,0.0146804835924007,0.0211864406779661,0.027060270602706,0,0.012396694214876,0.00840336134453781,0.00980392156862745,0.0139687756778965,0.00437158469945355,0.00720906282183316,0.00785854616895874,0.00425531914893617,0.0032520325203252,0.00863213811420983,0.00352112676056338,0.0188679245283019,0.00272479564032698,0.0185185185185185,0.00952380952380952,0.00768552349754315,0.0110924369747899,0.00174317257408483,0.00297619047619048,0.00690448791714614,0,0.00527240773286467,0.00233644859813084,0.00248447204968944,0.0159362549800797,0.0053085600530856,0.00386313465783664,0.004,0.00354924578527063,0.0045662100456621,0.0122699386503067,0.00613496932515337,0.00828347906120571,0,0.0119284294234592,0.0106951871657754,0.00911546252532073,0.00792507204610951,0.00780572419774501,0.00814663951120163,0.00888634083416941
"KUW",0.00479233226837061,0.00154083204930663,0.0012970168612192,0.00460829493087558,0.0196078431372549,0,0,0.019690576652602,0.00987841945288754,0.00604490500863558,0,0.001230012300123,0.00645161290322581,0,0,0,0.000821692686935086,0.00765027322404372,0.00308959835221421,0.00785854616895874,0,0,0.00863213811420983,0,0,0,0.0123456790123457,0.00714285714285714,0.00062996094242157,0.0026890756302521,0.000581057524694945,0.00297619047619048,0.00172612197928654,0.00289645184648805,0.00175746924428822,0.00934579439252336,0.0136645962732919,0.0239043824701195,0.0026542800265428,0.00717439293598234,0.004,0.00709849157054126,0.0091324200913242,0.00613496932515337,0,0.00168737536431968,0,0.000662690523525514,0.0192513368983957,0,0,0.00173460537727667,0.00203665987780041,0.00143328077970474
"KYR",0.00319488817891374,0.00154083204930663,0.00259403372243839,0.0138248847926267,0,0,0.000808407437348424,0.00140646976090014,0.0060790273556231,0.00172711571675302,0,0,0,0,0,0,0,0.00109289617486339,0,0.00196463654223969,0.00425531914893617,0,0,0,0,0.00272479564032698,0,0,0.0017638906387804,0.00235294117647059,0.00290528762347472,0.00773809523809524,0.00115074798619102,0.00217233888486604,0.00175746924428822,0.00350467289719626,0.0111801242236025,0.00796812749003984,0.0019907100199071,0.00717439293598234,0,0.0062111801242236,0.0045662100456621,0,0,0.00490872833256634,0,0.000662690523525514,0.00213903743315508,0.000675219446320054,0.010806916426513,0.00346921075455334,0.00203665987780041,0.00315321771535044
"LAT",0,0.00770416024653313,0.0012970168612192,0,0.0065359477124183,0.00233644859813084,0,0,0,0,0,0,0,0.00413223140495868,0.00420168067226891,0,0.0057518488085456,0,0.00102986611740474,0.00196463654223969,0,0.0016260162601626,0,0.00176056338028169,0.00269541778975741,0,0,0,0.00503968753937256,0.0114285714285714,0,0,0,0,0,0.00233644859813084,0,0,0,0.000551876379690949,0,0,0,0,0,0.000766988801963491,0,0.0768721007289596,0,0.00202565833896016,0.00288184438040346,0.00173460537727667,0,0.00128995270173427
"LEB",0.00159744408945687,0.00462249614791988,0.00259403372243839,0,0,0,0.000808407437348424,0.0140646976090014,0.00227963525835866,0.00863557858376511,0.00423728813559322,0,0,0,0.00140056022408964,0,0.00164338537387017,0.00765027322404372,0.00308959835221421,0.00589390962671906,0.00425531914893617,0,0.00464807436918991,0.00176056338028169,0,0,0,0,0.000125992188484314,0.00201680672268908,0.00232423009877978,0.00238095238095238,0.00115074798619102,0.000724112961622013,0,0.0116822429906542,0.0062111801242236,0.0159362549800797,0.0013271400132714,0.00551876379690949,0.004,0.00354924578527063,0,0,0,0.00138057984353428,0,0,0.00427807486631016,0.000675219446320054,0.00432276657060519,0.000867302688638335,0,0.00286656155940949
"LIB",0,0.00154083204930663,0,0.00460829493087558,0,0,0.00121261115602264,0.00984528832630099,0.00303951367781155,0.00345423143350604,0,0,0.00645161290322581,0,0,0,0.000821692686935086,0.00765027322404372,0.00102986611740474,0.00785854616895874,0.0170212765957447,0,0.0099601593625498,0,0.00539083557951483,0.00136239782016349,0,0,0.00264583595817059,0.00168067226890756,0.00232423009877978,0.00238095238095238,0.00805523590333717,0.00796524257784214,0.00527240773286467,0.0058411214953271,0.0062111801242236,0,0.0053085600530856,0.00717439293598234,0.008,0.00976042590949423,0.0091324200913242,0.00613496932515337,0.00613496932515337,0.00536892161374444,0,0.00132538104705103,0.00748663101604278,0.000337609723160027,0.0115273775216138,0.00346921075455334,0.00610997963340122,0.00401318618317328
"LIT",0.00159744408945687,0.00462249614791988,0.00259403372243839,0,0,0.00642523364485981,0.00121261115602264,0,0,0.00172711571675302,0.00423728813559322,0.003690036900369,0,0.0206611570247934,0.015406162464986,0,0.00739523418241578,0.00109289617486339,0.0164778578784758,0,0,0.0032520325203252,0.00332005312084993,0.00528169014084507,0.00269541778975741,0,0.00617283950617284,0.0166666666666667,0.00188988282726471,0.0026890756302521,0.00174317257408483,0,0.00172612197928654,0.000724112961622013,0,0,0,0.00398406374501992,0.0006635700066357,0.000551876379690949,0.004,0,0,0,0,0.00429513729099555,0,0.00397614314115308,0.00106951871657754,0.00168804861580013,0.00288184438040346,0.000867302688638335,0,0.00487315465099613
"LUX",0,0.00308166409861325,0,0,0,0.00642523364485981,0.00323362974939369,0,0.000759878419452888,0.000863557858376511,0.00423728813559322,0,0,0,0.00140056022408964,0,0.00410846343467543,0.00437158469945355,0.00308959835221421,0,0.00425531914893617,0.00650406504065041,0.00332005312084993,0.00176056338028169,0.0107816711590297,0,0,0.00952380952380952,0.00201587501574902,0.00336134453781513,0.000581057524694945,0,0.00402761795166858,0.000724112961622013,0,0.00233644859813084,0.00248447204968944,0.00398406374501992,0.0026542800265428,0.0022075055187638,0.016,0.00887311446317657,0,0,0.0122699386503067,0.00475533057217365,0.0043859649122807,0.00198807157057654,0,0.00337609723160027,0.00216138328530259,0.00780572419774501,0,0.00659309158664182
"MAD",0.00159744408945687,0.0215716486902928,0.00259403372243839,0,0,0,0.0105092966855295,0.00281293952180028,0.0113981762917933,0.00863557858376511,0.0169491525423729,0,0.135483870967742,0,0.00140056022408964,0.0294117647058824,0.00164338537387017,0,0.00102986611740474,0.00392927308447937,0,0.0016260162601626,0.00199203187250996,0.00176056338028169,0,0,0,0.0119047619047619,0.0105833438326824,0.0026890756302521,0.00116211504938989,0,0,0.0152063721940623,0.00527240773286467,0.00934579439252336,0,0,0.0013271400132714,0.00717439293598234,0,0.00177462289263532,0,0.0122699386503067,0.0184049079754601,0.00843687682159841,0,0.0165672630881378,0.0299465240641711,0.0148548278190412,0.00288184438040346,0.01561144839549,0.00407331975560081,0.0067364196646123
"MAL",0.00638977635782748,0.00308166409861325,0.00778210116731518,0.00921658986175115,0.0065359477124183,0,0.00161681487469685,0.0506329113924051,0.013677811550152,0.0077720207253886,0,0,0.0451612903225806,0,0,0.0392156862745098,0.00246507806080526,0.0284153005464481,0,0.0216110019646365,0.0170212765957447,0,0.0391766268260292,0.0105633802816901,0.032345013477089,0.0190735694822888,0.00617283950617284,0.0142857142857143,0.00327579690059216,0.0121008403361345,0.00406740267286461,0.00476190476190476,0.0230149597238205,0.0296886314265025,0.0281195079086116,0.0151869158878505,0.0670807453416149,0.00796812749003984,0.0212342402123424,0.0380794701986755,0.076,0.0266193433895297,0.0639269406392694,0.0122699386503067,0.0858895705521472,0.0190213222886946,0,0.00397614314115308,0.0342245989304813,0.000337609723160027,0.0309798270893372,0.0138768430182134,0.00407331975560081,0.0203525870718074
"MEX",0.0527156549520767,0.0231124807395994,0.0285343709468223,0.00921658986175115,0.137254901960784,0.0204439252336449,0.0254648342764753,0.0112517580872011,0.0501519756838906,0.0138169257340242,0.0254237288135593,0.030750307503075,0.032258064516129,0.0165289256198347,0.0280112044817927,0.0686274509803922,0.0221857025472473,0.0207650273224044,0.0082389289392379,0.00785854616895874,0.0212765957446809,0.0048780487804878,0.0185922974767596,0.0123239436619718,0.0188679245283019,0.0681198910081744,0.0246913580246914,0.0333333333333333,0.0359077737180295,0.027563025210084,0.0406740267286461,0.0642857142857143,0.0270425776754891,0.0246198406951484,0.0333919156414763,0.0163551401869159,0.00869565217391304,0.0278884462151394,0.0252156602521566,0.0204194260485651,0.024,0.0124223602484472,0.0273972602739726,0.049079754601227,0.0184049079754601,0.0286853811934346,0.00767543859649123,0.0450629555997349,0.027807486631016,0.0327481431465226,0.0288184438040346,0.0555073720728534,0.0264765784114053,0.022359180163394
"MLD",0.00479233226837061,0,0,0,0.0065359477124183,0.00058411214953271,0.000808407437348424,0,0.00227963525835866,0.00259067357512953,0,0.001230012300123,0,0,0,0,0,0,0,0.00196463654223969,0,0,0.00597609561752988,0,0.00269541778975741,0,0.00617283950617284,0.00238095238095238,0.00314980471210785,0.00235294117647059,0.0052295177222545,0.00297619047619048,0.000575373993095512,0.00868935553946416,0.015817223198594,0.00116822429906542,0,0,0.0006635700066357,0.0033112582781457,0.004,0.00532386867790594,0,0,0.00613496932515337,0.0113514342690597,0,0.000662690523525514,0.00106951871657754,0.00236326806212019,0.0331412103746398,0.00173460537727667,0,0.0124695427834313
"MNG",0.00159744408945687,0.0061633281972265,0.0012970168612192,0,0,0.0204439252336449,0.00282942603071948,0,0.000759878419452888,0.00518134715025907,0,0.003690036900369,0,0,0.00140056022408964,0,0,0,0,0,0,0,0.000664010624169987,0,0,0.00136239782016349,0,0.00238095238095238,0.00743353912057452,0.00302521008403361,0,0.000595238095238095,0.00172612197928654,0.00144822592324403,0.00351493848857645,0,0,0,0,0.00165562913907285,0,0,0,0,0,0.00322135296824666,0,0.0178926441351889,0.00213903743315508,0.00472653612424038,0.000720461095100865,0.00607111882046834,0.00407331975560081,0.00128995270173427
"MOR",0.00798722044728434,0.00154083204930663,0.00648508430609598,0.0184331797235023,0,0,0.00525464834276475,0.029535864978903,0.0144376899696049,0.00431778929188256,0,0.002460024600246,0.0451612903225806,0,0,0,0.000821692686935086,0.0153005464480874,0.00102986611740474,0.0196463654223969,0.0297872340425532,0,0.0444887118193891,0,0,0.00681198910081744,0,0.00952380952380952,0.00667758598966864,0.00873949579831933,0.0122022080185938,0.0130952380952381,0.00747986191024166,0.0296886314265025,0.00878734622144113,0.00934579439252336,0.022360248447205,0.0119521912350598,0.0059721300597213,0.0149006622516556,0.012,0.0124223602484472,0.0136986301369863,0.0122699386503067,0.0122699386503067,0.00720969473845682,0,0.00198807157057654,0.0556149732620321,0.00270087778528022,0.00648414985590778,0.00346921075455334,0.00610997963340122,0.0073097319764942
"NAM",0.00479233226837061,0.00154083204930663,0,0,0,0.00934579439252336,0.000808407437348424,0.0140646976090014,0.00227963525835866,0.00259067357512953,0.00423728813559322,0,0,0,0.00140056022408964,0,0.00164338537387017,0.00655737704918033,0,0.00196463654223969,0,0,0,0.00352112676056338,0,0.00544959128065395,0.00617283950617284,0.00238095238095238,0.0017638906387804,0.00100840336134454,0.00464846019755956,0.00119047619047619,0.00632911392405063,0.00289645184648805,0.00351493848857645,0.00350467289719626,0.00248447204968944,0,0.0059721300597213,0.00772626931567329,0.012,0.00532386867790594,0.0091324200913242,0,0.00613496932515337,0.00260776192667587,0,0.00198807157057654,0.00427807486631016,0.00135043889264011,0.00360230547550432,0.000867302688638335,0,0.00272323348143901
"NEW",0.00798722044728434,0.0107858243451464,0.00518806744487678,0.00460829493087558,0,0.00992990654205607,0.0113177041228779,0,0.020516717325228,0.00345423143350604,0.0211864406779661,0,0.0129032258064516,0.00826446280991736,0.00560224089635854,0.00980392156862745,0.00821692686935086,0.0087431693989071,0.00308959835221421,0.00392927308447937,0,0.0032520325203252,0.0112881806108898,0.00352112676056338,0.00808625336927224,0.00953678474114441,0.00617283950617284,0.00476190476190476,0.0071815547436059,0.00773109243697479,0.00581057524694945,0.00535714285714286,0.0046029919447641,0.0137581462708182,0.00527240773286467,0.00233644859813084,0,0.00796812749003984,0.0013271400132714,0.00496688741721854,0.008,0.0141969831410825,0.0045662100456621,0.0122699386503067,0,0.00690289921767142,0.00986842105263158,0.00927766732935719,0.00106951871657754,0.00844024307900068,0.00288184438040346,0.00346921075455334,0.00203665987780041,0.0107496058477856
"NIC",0.00638977635782748,0.00462249614791988,0.0012970168612192,0.00460829493087558,0,0.00116822429906542,0.00323362974939369,0.00421940928270042,0.00531914893617021,0.00863557858376511,0,0.001230012300123,0.0258064516129032,0,0.00140056022408964,0.00980392156862745,0,0.00109289617486339,0.00102986611740474,0.0117878192534381,0,0,0.00398406374501992,0,0.00269541778975741,0.00817438692098093,0,0.00238095238095238,0.00743353912057452,0.00436974789915966,0.00697269029633934,0.0107142857142857,0.00920598388952819,0.00868935553946416,0.00878734622144113,0.0116822429906542,0.00745341614906832,0.00796812749003984,0.0039814200398142,0.00496688741721854,0,0.00266193433895297,0,0,0,0.00368154624942476,0,0.00265076209410205,0.00320855614973262,0.00101282916948008,0.00576368876080692,0.0121422376409367,0.0264765784114053,0.00601977927475993
"NIG",0.00479233226837061,0.00308166409861325,0.00389105058365759,0,0,0.00058411214953271,0.000404203718674212,0.0112517580872011,0.00987841945288754,0.00431778929188256,0.0127118644067797,0.001230012300123,0.00645161290322581,0,0,0,0,0.00437158469945355,0.00102986611740474,0.0176817288801572,0.00425531914893617,0,0.00199203187250996,0.00352112676056338,0,0.00408719346049046,0,0.00238095238095238,0.00503968753937256,0.00571428571428571,0.00871586287042417,0.0148809523809524,0.00517836593785961,0.0123099203475742,0.00351493848857645,0.00350467289719626,0.0111801242236025,0.00796812749003984,0.0099535500995355,0.00607064017660044,0.008,0.00976042590949423,0.0045662100456621,0.0122699386503067,0.00613496932515337,0.00368154624942476,0,0.00132538104705103,0.0192513368983957,0.00135043889264011,0.00576368876080692,0.00520381613183001,0.00610997963340122,0.00515981080693708
"NOR",0.0175718849840256,0.0184899845916795,0.0933852140077821,0.0184331797235023,0.0457516339869281,0.0216121495327103,0.0181891673403395,0.00281293952180028,0.00379939209726444,0.00863557858376511,0.0593220338983051,0.003690036900369,0.0387096774193548,0.0206611570247934,0.0434173669467787,0.0588235294117647,0.0608052588331964,0.0185792349726776,0.0926879505664264,0.0176817288801572,0.00425531914893617,0.169105691056911,0.0139442231075697,0.0158450704225352,0.0242587601078167,0.0722070844686648,0.00617283950617284,0.00714285714285714,0.0194027970265844,0.0245378151260504,0.0127832655432888,0.00833333333333333,0.0184119677790564,0.0209992758870384,0.0175746924428823,0.022196261682243,0.00372670807453416,0.0239043824701195,0.0086264100862641,0.0154525386313466,0.016,0.0168589174800355,0.0136986301369863,0.0736196319018405,0.0122699386503067,0.0237766528608682,0.0635964912280702,0.0331345261762757,0.0117647058823529,0.0145172180958812,0.015850144092219,0.0398959236773634,0.107942973523422,0.0375519564282643
"NTH",0.0271565495207668,0.0154083204930663,0.0415045395590143,0.0276497695852535,0.0457516339869281,0.0116822429906542,0.0222312045270817,0,0.00531914893617021,0.0146804835924007,0.0127118644067797,0.01230012300123,0,0.0619834710743802,0.0392156862745098,0.0294117647058824,0.037797863599014,0.0174863387978142,0.0484037075180227,0.00392927308447937,0.0297872340425532,0.0504065040650407,0.0139442231075697,0.0299295774647887,0.0350404312668464,0.0122615803814714,0.0185185185185185,0.00476190476190476,0.0147410860526647,0.0265546218487395,0.0133643230679837,0.00952380952380952,0.0155350978135788,0.0101375814627082,0.0193321616871705,0.00934579439252336,0.00372670807453416,0.0199203187250996,0.006635700066357,0.00441501103752759,0.008,0.0115350488021295,0.0091324200913242,0.0368098159509202,0.0122699386503067,0.0150329805184844,0.0921052631578947,0.0205434062292909,0.0053475935828877,0.0199189736664416,0.0100864553314121,0.0320901994796184,0.0183299389002037,0.0235058047871578
"PAK",0.00798722044728434,0.00770416024653313,0.00259403372243839,0.00460829493087558,0.0326797385620915,0,0.00202101859337106,0.0210970464135021,0.00227963525835866,0.00604490500863558,0.00423728813559322,0,0.0193548387096774,0,0,0.0196078431372549,0.00410846343467543,0.0295081967213115,0.00102986611740474,0.0275049115913556,0.00425531914893617,0.0016260162601626,0.0132802124833997,0.00176056338028169,0.00269541778975741,0.00544959128065395,0,0.00952380952380952,0.00440972659695099,0.0026890756302521,0.00813480534572923,0.0119047619047619,0.0143843498273878,0.0159304851556843,0.0070298769771529,0.0245327102803738,0.0173913043478261,0.00796812749003984,0.0258792302587923,0.00772626931567329,0,0.0124223602484472,0.0045662100456621,0.0122699386503067,0,0.00230096640589047,0,0.00662690523525514,0.0235294117647059,0.00101282916948008,0.00576368876080692,0.0164787510841284,0.00814663951120163,0.00601977927475993
"PAP",0.0111821086261981,0.00154083204930663,0.0012970168612192,0.0138248847926267,0,0.00759345794392523,0.0068714632174616,0.00421940928270042,0.00151975683890578,0.000863557858376511,0,0.001230012300123,0.0129032258064516,0.0165289256198347,0.00140056022408964,0.0196078431372549,0.00328677074774034,0.0295081967213115,0.00308959835221421,0.00196463654223969,0.0170212765957447,0,0.00398406374501992,0.00352112676056338,0,0.0163487738419619,0.0123456790123457,0.00238095238095238,0.00138591407332745,0.00470588235294118,0.00348634514816967,0.00892857142857143,0.0103567318757192,0,0.00175746924428822,0.0408878504672897,0.0062111801242236,0.0159362549800797,0.0019907100199071,0.010485651214128,0.008,0.0204081632653061,0.0182648401826484,0.0245398773006135,0.0184049079754601,0.0085902745819911,0,0,0.00106951871657754,0.0037137069547603,0.0136887608069164,0,0,0.00601977927475993
"PAR",0.00479233226837061,0.00154083204930663,0,0,0,0.00408878504672897,0.00202101859337106,0.00140646976090014,0.00683890577507599,0.00259067357512953,0,0.00492004920049201,0.00645161290322581,0,0.00140056022408964,0,0.000821692686935086,0,0.00102986611740474,0.00196463654223969,0,0,0.00398406374501992,0,0.00269541778975741,0.00817438692098093,0,0.00238095238095238,0.00566964848179413,0.00201680672268908,0.00813480534572923,0.0125,0.00517836593785961,0.00217233888486604,0.00175746924428822,0.00700934579439252,0.00248447204968944,0,0.0039814200398142,0.0022075055187638,0,0.00354924578527063,0.0045662100456621,0,0,0.00337475072863936,0.00109649122807018,0.0046388336646786,0.0053475935828877,0.00438892640108035,0.00288184438040346,0.00693842150910668,0.00610997963340122,0.0067364196646123
"PER",0.00159744408945687,0.00154083204930663,0,0,0,0,0.00444624090541633,0.00140646976090014,0.00227963525835866,0.00259067357512953,0,0.00738007380073801,0,0,0,0,0.00246507806080526,0.00109289617486339,0.00205973223480947,0,0,0,0.000664010624169987,0.00528169014084507,0,0.0204359673024523,0,0,0.00428373440846668,0.00369747899159664,0.00929692039511912,0.00952380952380952,0.00402761795166858,0.00724112961622013,0.015817223198594,0.00350467289719626,0.00124223602484472,0.00398406374501992,0.0033178500331785,0.0011037527593819,0.004,0,0,0.00613496932515337,0.00613496932515337,0.00199417088510508,0,0.0046388336646786,0,0.0037137069547603,0.00360230547550432,0.00173460537727667,0,0.00272323348143901
"PHI",0.00479233226837061,0.00924499229583975,0.00907911802853437,0,0,0.00233644859813084,0.00161681487469685,0.0126582278481013,0.00683890577507599,0.00690846286701209,0,0,0.0387096774193548,0,0,0,0.000821692686935086,0.00655737704918033,0,0.0117878192534381,0.00851063829787234,0,0.0172642762284197,0,0,0.00272479564032698,0,0,0.0153710469950863,0.00201680672268908,0.0615920976176641,0.0607142857142857,0.00402761795166858,0.0137581462708182,0.015817223198594,0.0058411214953271,0.0149068322981366,0.00796812749003984,0.006635700066357,0.011037527593819,0.012,0.0133096716947649,0.0136986301369863,0,0.00613496932515337,0.00997085442552539,0,0.000662690523525514,0.0181818181818182,0.00236326806212019,0.042507204610951,0.00346921075455334,0.0122199592668024,0.011466246237638
"PKR",0,0.00308166409861325,0.00389105058365759,0,0.0065359477124183,0,0.00323362974939369,0.00421940928270042,0.00531914893617021,0.00690846286701209,0,0,0,0.00413223140495868,0.00420168067226891,0.00980392156862745,0.00493015612161052,0.00437158469945355,0,0.00785854616895874,0,0,0.00265604249667995,0.00352112676056338,0,0.00136239782016349,0,0.00238095238095238,0.000755953130905884,0.00100840336134454,0,0.000595238095238095,0.0046029919447641,0,0.00175746924428822,0.0186915887850467,0.00248447204968944,0.0119521912350598,0.0059721300597213,0.00938189845474614,0,0.00887311446317657,0.0091324200913242,0.00613496932515337,0.00613496932515337,0.00153397760392698,0,0.00132538104705103,0.00106951871657754,0.00135043889264011,0,0.00173460537727667,0.00203665987780041,0.00186326501361617
"PLST",0.0111821086261981,0.00154083204930663,0.00518806744487678,0.00460829493087558,0,0.00116822429906542,0.00525464834276475,0.00984528832630099,0.00227963525835866,0.0146804835924007,0,0,0.0129032258064516,0.00413223140495868,0.00280112044817927,0.0196078431372549,0.00328677074774034,0.00546448087431694,0.00205973223480947,0.0196463654223969,0,0,0.00863213811420983,0,0,0.00544959128065395,0.00617283950617284,0.00714285714285714,0.00377976565452942,0.00302521008403361,0.00755374782103428,0.00773809523809524,0.00345224395857307,0.00289645184648805,0.0175746924428823,0.0151869158878505,0.00993788819875776,0.00398406374501992,0.0086264100862641,0.0165562913907285,0.016,0.00798580301685892,0.0091324200913242,0.0122699386503067,0.0122699386503067,0.00598251265531523,0,0.00530152418820411,0.00213903743315508,0.00337609723160027,0.00792507204610951,0.00346921075455334,0.00610997963340122,0.00902966891213989
"POL",0.0159744408945687,0.0154083204930663,0.0272373540856031,0.0184331797235023,0,0.00233644859813084,0.0101050929668553,0,0.00303951367781155,0.00949913644214162,0.00847457627118644,0.001230012300123,0,0.012396694214876,0.0196078431372549,0.00980392156862745,0.0213640098603122,0.019672131147541,0.0102986611740474,0.00392927308447937,0,0.0146341463414634,0.00464807436918991,0.00880281690140845,0.00539083557951483,0.00136239782016349,0,0.00952380952380952,0.00844147662844904,0.0100840336134454,0.00813480534572923,0.00357142857142857,0.0120828538550058,0.0246198406951484,0.00527240773286467,0.00116822429906542,0.00248447204968944,0.00398406374501992,0.0119442601194426,0.0022075055187638,0,0.00177462289263532,0,0.0122699386503067,0,0.0138057984353428,0.00109649122807018,0.00728959575878065,0.00106951871657754,0.0131667792032411,0.0129682997118156,0.00346921075455334,0.0407331975560081,0.0061631073527304
"POR",0.00479233226837061,0.024653312788906,0.00778210116731518,0,0.0065359477124183,0.0350467289719626,0.00808407437348424,0,0.00835866261398176,0.0656303972366149,0,0.01230012300123,0,0.012396694214876,0.00420168067226891,0,0.00410846343467543,0.00109289617486339,0.00411946446961895,0.00196463654223969,0.0127659574468085,0.00650406504065041,0.00730411686586985,0.00352112676056338,0.00808625336927224,0.00272479564032698,0.0123456790123457,0.0214285714285714,0.0263323673932216,0.0080672268907563,0.00464846019755956,0.00416666666666667,0.00402761795166858,0.0166545981173063,0.0193321616871705,0.0116822429906542,0.00248447204968944,0.00398406374501992,0.0059721300597213,0.0154525386313466,0,0.00709849157054126,0.0091324200913242,0,0.0245398773006135,0.0179475379659457,0.0087719298245614,0.0159045725646123,0.00427807486631016,0.0155300472653612,0.0100864553314121,0.0164787510841284,0.010183299389002,0.0126128708614017
"QAT",0.00638977635782748,0,0.0012970168612192,0,0.0065359477124183,0,0.000808407437348424,0.0140646976090014,0.0113981762917933,0.00345423143350604,0.00423728813559322,0,0.00645161290322581,0,0,0.00980392156862745,0.000821692686935086,0.00546448087431694,0.00102986611740474,0.0137524557956778,0,0,0.00796812749003984,0,0,0.00136239782016349,0.00617283950617284,0,0.000755953130905884,0.00201680672268908,0.00232423009877978,0.00178571428571429,0.00230149597238205,0.0057929036929761,0.0123022847100176,0.0151869158878505,0.00248447204968944,0.00398406374501992,0.0079628400796284,0.0132450331125828,0.008,0.00887311446317657,0.0091324200913242,0.00613496932515337,0,0.00444853505138825,0,0.000662690523525514,0.0106951871657754,0.000337609723160027,0.00936599423631124,0,0.00407331975560081,0.00257990540346854
"ROK",0.00798722044728434,0.0169491525423729,0.00518806744487678,0.0138248847926267,0.0196078431372549,0,0.00444624090541633,0.00281293952180028,0.00759878419452888,0.0077720207253886,0.00847457627118644,0.002460024600246,0,0.00826446280991736,0.00560224089635854,0,0.00821692686935086,0.00546448087431694,0.00617919670442842,0.00589390962671906,0,0.00650406504065041,0.00730411686586985,0.0140845070422535,0.0188679245283019,0.0136239782016349,0.0185185185185185,0.00952380952380952,0.00566964848179413,0.0127731092436975,0.00464846019755956,0.00357142857142857,0.00747986191024166,0.0130340333091962,0.00351493848857645,0.00934579439252336,0,0.0239043824701195,0.0119442601194426,0.00165562913907285,0.004,0.00266193433895297,0.0091324200913242,0.0184049079754601,0,0.00490872833256634,0,0.0198807157057654,0.00427807486631016,0.00675219446320054,0.00360230547550432,0.018213356461405,0.0183299389002037,0.00831302852228752
"ROM",0.00159744408945687,0.0061633281972265,0.0012970168612192,0,0,0.00817757009345794,0.000808407437348424,0,0.00227963525835866,0.00345423143350604,0.00423728813559322,0,0.00645161290322581,0.00413223140495868,0.00420168067226891,0,0.00246507806080526,0.00765027322404372,0.00205973223480947,0.00392927308447937,0.0127659574468085,0.0048780487804878,0.00199203187250996,0,0.00269541778975741,0.00136239782016349,0.00617283950617284,0.00238095238095238,0.00377976565452942,0.00672268907563025,0.000581057524694945,0.00119047619047619,0.00920598388952819,0.000724112961622013,0.00527240773286467,0.00934579439252336,0.00124223602484472,0.00398406374501992,0.0039814200398142,0.0022075055187638,0,0,0.0045662100456621,0,0,0.00322135296824666,0.00109649122807018,0.00728959575878065,0.0053475935828877,0.00236326806212019,0.00720461095100865,0.00173460537727667,0.00407331975560081,0.00386985810520281
"RUS",0.00798722044728434,0.0061633281972265,0.00389105058365759,0.0506912442396313,0.0392156862745098,0.00116822429906542,0.0169765561843169,0.0267229254571027,0.0106382978723404,0.0112262521588946,0.0127118644067797,0.001230012300123,0,0.00413223140495868,0.00700280112044818,0,0.00164338537387017,0.0174863387978142,0.00308959835221421,0.0216110019646365,0.00425531914893617,0,0.00265604249667995,0.0123239436619718,0,0.00272479564032698,0,0.0142857142857143,0.00491369535088824,0.00672268907563025,0.00290528762347472,0.00773809523809524,0.0281933256616801,0.0137581462708182,0.0246045694200351,0.0151869158878505,0.0161490683229814,0.0278884462151394,0.0218978102189781,0.00938189845474614,0.012,0.0115350488021295,0,0,0.0122699386503067,0.00813008130081301,0,0.00728959575878065,0.00427807486631016,0.00607697501688049,0.00720461095100865,0.018213356461405,0.0122199592668024,0.00788304428837609
"RWA",0.00479233226837061,0.00154083204930663,0,0.00460829493087558,0,0.0128504672897196,0,0,0.00531914893617021,0.00172711571675302,0,0,0,0,0,0,0,0,0,0.00196463654223969,0,0,0.000664010624169987,0,0,0,0,0.00238095238095238,0.0054176641048255,0.00134453781512605,0.00639163277164439,0.00654761904761905,0.000575373993095512,0.00362056480811007,0.0070298769771529,0.00116822429906542,0,0.0119521912350598,0.0006635700066357,0.000551876379690949,0.004,0,0,0,0,0.00199417088510508,0,0.00132538104705103,0.00320855614973262,0.00202565833896016,0.00360230547550432,0.000867302688638335,0.00203665987780041,0.00487315465099613
"SAF",0.00958466453674121,0.00308166409861325,0.00259403372243839,0.00460829493087558,0,0.00116822429906542,0.00242522231204527,0.0126582278481013,0.00455927051671732,0.0146804835924007,0.00423728813559322,0.001230012300123,0.00645161290322581,0,0,0.00980392156862745,0.000821692686935086,0.00109289617486339,0,0.0216110019646365,0.0127659574468085,0,0.00796812749003984,0,0.00539083557951483,0.0122615803814714,0.0123456790123457,0.00476190476190476,0.00466171097391962,0.00504201680672269,0.00232423009877978,0.00416666666666667,0.00575373993095512,0.0195510499637944,0.0263620386643234,0.00817757009345794,0.0447204968944099,0.00398406374501992,0.0099535500995355,0.00772626931567329,0.008,0.00798580301685892,0.0182648401826484,0.00613496932515337,0.00613496932515337,0.00720969473845682,0.00109649122807018,0.000662690523525514,0.0106951871657754,0.00303848750844024,0.000720461095100865,0.0147441457068517,0.00814663951120163,0.00831302852228752
"SAU",0.00319488817891374,0,0.0012970168612192,0.00460829493087558,0,0,0.000404203718674212,0.00984528832630099,0.00531914893617021,0.00690846286701209,0,0,0.00645161290322581,0,0,0.0196078431372549,0,0.00765027322404372,0,0.0235756385068762,0.00425531914893617,0,0.0159362549800797,0,0,0.00136239782016349,0.00617283950617284,0.00238095238095238,0.000377976565452942,0.00302521008403361,0.00232423009877978,0.00297619047619048,0.00115074798619102,0.00362056480811007,0.0070298769771529,0.0128504672897196,0.00745341614906832,0.00796812749003984,0.0039814200398142,0.0231788079470199,0.008,0.0186335403726708,0.0182648401826484,0.00613496932515337,0,0.00352814848903206,0,0.00331345261762757,0.0128342245989305,0,0.00144092219020173,0.000867302688638335,0,0.000716640389852372
"SEN",0.00159744408945687,0,0.00259403372243839,0.00460829493087558,0,0,0.00121261115602264,0.00562587904360056,0.00759878419452888,0.00345423143350604,0.00847457627118644,0.001230012300123,0.00645161290322581,0,0.00280112044817927,0,0.00246507806080526,0.00109289617486339,0.00308959835221421,0.0117878192534381,0.00851063829787234,0,0.00796812749003984,0,0.00269541778975741,0.00272479564032698,0,0,0.00138591407332745,0.00168067226890756,0.00581057524694945,0.00714285714285714,0.0046029919447641,0.00289645184648805,0,0.00700934579439252,0.0161490683229814,0.00398406374501992,0.0033178500331785,0.00883002207505519,0.004,0.0115350488021295,0,0,0.00613496932515337,0.00475533057217365,0,0,0.00962566844919786,0.00270087778528022,0.00360230547550432,0.00173460537727667,0,0.00472982657302566
"SIE",0.0111821086261981,0.0154083204930663,0,0.00460829493087558,0,0.00408878504672897,0.00242522231204527,0.00843881856540084,0.000759878419452888,0.0112262521588946,0,0.00984009840098401,0.0193548387096774,0.00413223140495868,0,0,0.00164338537387017,0.00546448087431694,0.00205973223480947,0.00589390962671906,0,0,0.00398406374501992,0.00352112676056338,0,0.00681198910081744,0.0123456790123457,0.00714285714285714,0.00604762504724707,0.00201680672268908,0.010459035444509,0.00833333333333333,0.00747986191024166,0.0130340333091962,0.00175746924428822,0.00233644859813084,0.00124223602484472,0.00796812749003984,0.0119442601194426,0.00275938189845475,0,0.00177462289263532,0.0091324200913242,0.00613496932515337,0,0.00659610369688603,0,0.0046388336646786,0.00641711229946524,0.0050641458474004,0.00432276657060519,0.0138768430182134,0.00814663951120163,0.00573312311881898
"SIN",0,0,0.0012970168612192,0.0184331797235023,0.0065359477124183,0,0,0.0070323488045007,0.00303951367781155,0.00172711571675302,0,0.001230012300123,0.0129032258064516,0.00413223140495868,0,0,0.000821692686935086,0.00109289617486339,0,0.00785854616895874,0.0553191489361702,0,0.00332005312084993,0.00176056338028169,0.00269541778975741,0.00136239782016349,0,0,0.00062996094242157,0.00605042016806723,0.00464846019755956,0.000595238095238095,0.000575373993095512,0.000724112961622013,0.00351493848857645,0.00233644859813084,0.00869565217391304,0.0318725099601594,0,0.021523178807947,0,0.0212954747116238,0.0091324200913242,0,0.0122699386503067,0.00690289921767142,0,0,0.0299465240641711,0,0.00936599423631124,0,0,0.00874301275619894
"SLO",0.0175718849840256,0.0215716486902928,0.0207522697795071,0.0138248847926267,0,0.0245327102803738,0.0246564268391269,0,0.020516717325228,0.0146804835924007,0.0127118644067797,0.002460024600246,0,0.0289256198347107,0.0322128851540616,0.0294117647058824,0.0213640098603122,0.0218579234972678,0.0205973223480947,0,0,0.032520325203252,0.0245683930942895,0.0264084507042254,0.0107816711590297,0.0149863760217984,0.037037037037037,0.0119047619047619,0.0296081642938138,0.0383193277310924,0.0197559558396281,0.00892857142857143,0.0109321058688147,0.00217233888486604,0.0175746924428823,0.00817757009345794,0.00124223602484472,0.00796812749003984,0.006635700066357,0.0143487858719647,0.016,0.00887311446317657,0.0136986301369863,0.0122699386503067,0.00613496932515337,0.0294523699953981,0.00219298245614035,0.0119284294234592,0.00213903743315508,0.0131667792032411,0.0172910662824208,0.01040763226366,0.0183299389002037,0.0117529023935789
"SLV",0.0111821086261981,0.0292758089368259,0.0103761348897536,0.00921658986175115,0.0130718954248366,0.0321261682242991,0.0173807599029911,0.00421940928270042,0.020516717325228,0.0138169257340242,0.0211864406779661,0.002460024600246,0,0.00413223140495868,0.0182072829131653,0.00980392156862745,0.0213640098603122,0.0207650273224044,0.0175077239958805,0.00785854616895874,0.00425531914893617,0.0113821138211382,0.0245683930942895,0.00880281690140845,0.0269541778975741,0.0272479564032698,0.0123456790123457,0.0404761904761905,0.0275922892780648,0.0201680672268908,0.0133643230679837,0.00535714285714286,0.0241657077100115,0.00868935553946416,0.0210896309314587,0.0058411214953271,0.00372670807453416,0.00398406374501992,0.0092899800928998,0.0187637969094923,0.008,0.0186335403726708,0.0091324200913242,0.0122699386503067,0.0552147239263804,0.0391164289001381,0.0526315789473684,0.0271703114645461,0.00855614973262032,0.0317353139770425,0.0252161383285303,0.0468343451864701,0.0753564154786151,0.0343987387129139
"SPN",0.0111821086261981,0.0477657935285054,0.0363164721141375,0.0184331797235023,0.0196078431372549,0.076518691588785,0.0428455941794664,0.00281293952180028,0.0805471124620061,0.0872193436960276,0.0211864406779661,0.127921279212792,0.0258064516129032,0.0454545454545455,0.0322128851540616,0.0196078431372549,0.0279375513557929,0.0185792349726776,0.023686920700309,0.00589390962671906,0.0212765957446809,0.0487804878048781,0.0451527224435591,0.0475352112676056,0.032345013477089,0.0149863760217984,0.0185185185185185,0.05,0.0525387425979589,0.0265546218487395,0.0180127832655433,0.00952380952380952,0.022439585730725,0.0333091962346126,0.031634446397188,0.00700934579439252,0.00248447204968944,0.0278884462151394,0.0159256801592568,0.0115894039735099,0.02,0.0141969831410825,0.0410958904109589,0.0368098159509202,0.165644171779141,0.0248504371836171,0.0712719298245614,0.0530152418820411,0.0053475935828877,0.0455773126266036,0.0122478386167147,0.0190806591500434,0.0142566191446029,0.0328221298552386
"SRI",0.00159744408945687,0,0,0,0,0,0.000808407437348424,0.0267229254571027,0.00303951367781155,0.00431778929188256,0,0,0.00645161290322581,0,0,0,0.000821692686935086,0.00109289617486339,0,0.0196463654223969,0.025531914893617,0,0.00464807436918991,0,0,0.00408719346049046,0.0123456790123457,0.00238095238095238,0.00113392969635883,0.00134453781512605,0.0116211504938989,0.0113095238095238,0.00632911392405063,0.000724112961622013,0.00351493848857645,0.014018691588785,0.0149068322981366,0.0159362549800797,0.0059721300597213,0.0193156732891832,0.02,0.0221827861579414,0.0228310502283105,0,0,0.00705629697806412,0,0,0.0053475935828877,0.000337609723160027,0.0136887608069164,0,0.00407331975560081,0.00773971621040562
"SUD",0.00798722044728434,0,0.0012970168612192,0.0138248847926267,0.0065359477124183,0.00116822429906542,0.00161681487469685,0.029535864978903,0.0060790273556231,0.00518134715025907,0.00423728813559322,0,0.00645161290322581,0,0,0,0.000821692686935086,0.00546448087431694,0.00102986611740474,0.0176817288801572,0.00425531914893617,0,0.00531208499335989,0.00176056338028169,0,0,0.0123456790123457,0.00476190476190476,0.00188988282726471,0.0053781512605042,0.00639163277164439,0.00595238095238095,0.00172612197928654,0.00434467776973208,0.0070298769771529,0.0198598130841121,0.0198757763975155,0.0199203187250996,0.0033178500331785,0.00883002207505519,0.008,0.00976042590949423,0,0.00613496932515337,0.0122699386503067,0.00521552385335174,0,0.00132538104705103,0.0149732620320856,0.000337609723160027,0.00720461095100865,0.002601908065915,0.00610997963340122,0.00372653002723233
"SWD",0.0175718849840256,0.0184899845916795,0.0142671854734112,0.0230414746543779,0.0588235294117647,0.0216121495327103,0.026677445432498,0,0.000759878419452888,0.00518134715025907,0.0338983050847458,0.00984009840098401,0,0.0413223140495868,0.0364145658263305,0,0.0493015612161052,0.0109289617486339,0.0308959835221421,0.00785854616895874,0,0.0195121951219512,0.00597609561752988,0.028169014084507,0.0646900269541779,0.0122615803814714,0.0123456790123457,0.0142857142857143,0.0143631094872118,0.0181512605042017,0.00871586287042417,0.00833333333333333,0.0120828538550058,0.00434467776973208,0.00527240773286467,0.0105140186915888,0.00124223602484472,0.0239043824701195,0.0053085600530856,0.00441501103752759,0.004,0.00709849157054126,0.0182648401826484,0.0184049079754601,0,0.0124252185918086,0.0416666666666667,0.00662690523525514,0.00213903743315508,0.0259959486833221,0.00648414985590778,0.00520381613183001,0.00407331975560081,0.013902823563136
"SWZ",0.0223642172523962,0.0292758089368259,0.0207522697795071,0.0276497695852535,0.065359477124183,0.0414719626168224,0.0347615198059822,0.00140646976090014,0.000759878419452888,0.0138169257340242,0.0211864406779661,0.00861008610086101,0.00645161290322581,0.0495867768595041,0.0420168067226891,0.0588235294117647,0.0386195562859491,0.0120218579234973,0.0360453141091658,0.0176817288801572,0,0.0504065040650407,0.00664010624169987,0.028169014084507,0.0485175202156334,0.0163487738419619,0.0308641975308642,0.0285714285714286,0.017638906387804,0.0366386554621849,0.00697269029633934,0.00476190476190476,0.0161104718066743,0.00434467776973208,0.0105448154657293,0.0198598130841121,0,0.0119521912350598,0.0092899800928998,0.00386313465783664,0.016,0.00798580301685892,0.0136986301369863,0.0306748466257669,0,0.0110446387482743,0.0219298245614035,0.0185553346587144,0.0053475935828877,0.0324105334233626,0.00648414985590778,0.00867302688638335,0.00610997963340122,0.0147627920309589
"THI",0.00958466453674121,0.00154083204930663,0.00259403372243839,0,0,0,0.0181891673403395,0.0140646976090014,0.0296352583586626,0.00518134715025907,0.00423728813559322,0.002460024600246,0.032258064516129,0,0,0,0.00164338537387017,0.0109289617486339,0.00102986611740474,0.00982318271119843,0.0553191489361702,0.0016260162601626,0.0146082337317397,0.00176056338028169,0.00539083557951483,0.00681198910081744,0.0123456790123457,0.0119047619047619,0.00617361723573138,0.00672268907563025,0.010459035444509,0.0107142857142857,0.0138089758342923,0.0144822592324403,0.0070298769771529,0.00233644859813084,0.0111801242236025,0.00796812749003984,0.0072992700729927,0.0198675496688742,0.012,0.0257320319432121,0.0136986301369863,0,0.00613496932515337,0.0150329805184844,0.00219298245614035,0.00265076209410205,0.0299465240641711,0.00135043889264011,0.0172910662824208,0.00693842150910668,0.0142566191446029,0.0173426974344274
"TOG",0.00159744408945687,0.00154083204930663,0,0.00460829493087558,0,0.00642523364485981,0.00646725949878739,0.00140646976090014,0.0060790273556231,0.00172711571675302,0,0.002460024600246,0,0,0,0,0,0.00218579234972678,0,0,0,0,0.00199203187250996,0,0,0.00272479564032698,0,0.00714285714285714,0.00428373440846668,0.00201680672268908,0,0.00297619047619048,0.00115074798619102,0.0057929036929761,0,0.00233644859813084,0.00372670807453416,0.0119521912350598,0.0059721300597213,0.00441501103752759,0,0.00354924578527063,0,0,0.00613496932515337,0.00414173953060285,0,0.00132538104705103,0.00106951871657754,0.00540175557056043,0.000720461095100865,0.00346921075455334,0.00407331975560081,0.00315321771535044
"TRI",0.00159744408945687,0.00462249614791988,0,0,0.0065359477124183,0,0,0.00562587904360056,0.00759878419452888,0.00431778929188256,0,0,0.0129032258064516,0.00413223140495868,0,0,0.000821692686935086,0,0.00102986611740474,0.00392927308447937,0.00851063829787234,0,0.000664010624169987,0,0,0.0149863760217984,0,0,0.00264583595817059,0.00336134453781513,0.00581057524694945,0.00297619047619048,0.00287686996547756,0.00289645184648805,0.00527240773286467,0.00116822429906542,0.00745341614906832,0.00398406374501992,0.0072992700729927,0.0022075055187638,0.008,0.00266193433895297,0.0091324200913242,0,0.0122699386503067,0.00398834177021015,0,0.00132538104705103,0.00106951871657754,0.000337609723160027,0.00576368876080692,0.000867302688638335,0,0.00515981080693708
"TUN",0.00638977635782748,0.012326656394453,0.0168612191958495,0.00921658986175115,0,0,0.0165723524656427,0.00421940928270042,0.0121580547112462,0.0077720207253886,0,0.035670356703567,0,0.00826446280991736,0.00140056022408964,0,0.00164338537387017,0.00765027322404372,0.0154479917610711,0.00589390962671906,0,0.024390243902439,0.00265604249667995,0.00176056338028169,0.00539083557951483,0.00408719346049046,0,0.00238095238095238,0.0131031876023687,0.0174789915966387,0.00174317257408483,0.00595238095238095,0.00805523590333717,0.0238957277335264,0.00527240773286467,0.0105140186915888,0.00496894409937888,0,0.0245520902455209,0.00607064017660044,0.004,0.0062111801242236,0.0136986301369863,0,0,0.00291455744746127,0,0.00927766732935719,0.00213903743315508,0.0185685347738015,0.000720461095100865,0.00173460537727667,0.00407331975560081,0.00415651426114376
"TUR",0.0111821086261981,0.0061633281972265,0.00259403372243839,0.0368663594470046,0,0.014018691588785,0.00808407437348424,0.00984528832630099,0.00683890577507599,0.0120898100172712,0.0127118644067797,0.001230012300123,0,0,0.00420168067226891,0,0.00246507806080526,0.0109289617486339,0.00102986611740474,0.0157170923379175,0.0170212765957447,0,0.00796812749003984,0.00528169014084507,0.0107816711590297,0.00681198910081744,0.0185185185185185,0.00952380952380952,0.00944941413632355,0.0100840336134454,0.0156885531667635,0.019047619047619,0.0172612197928654,0.00724112961622013,0.015817223198594,0.00934579439252336,0.0062111801242236,0.0199203187250996,0.0139349701393497,0.0154525386313466,0,0.0141969831410825,0.0091324200913242,0.00613496932515337,0,0.0118116275502378,0,0.00927766732935719,0.00855614973262032,0.00675219446320054,0.00936599423631124,0.0199479618386817,0.00814663951120163,0.0124695427834313
"UKG",0.0191693290734824,0.0261941448382126,0.0869001297016861,0.0368663594470046,0,0.036214953271028,0.0468876313662086,0.00140646976090014,0.0189969604863222,0.00863557858376511,0.0889830508474576,0.00738007380073801,0.0129032258064516,0.0578512396694215,0.0434173669467787,0.0196078431372549,0.028759244042728,0.0218579234972678,0.0381050463439753,0.0117878192534381,0.00851063829787234,0.0357723577235772,0.0139442231075697,0.0457746478873239,0.0269541778975741,0.0231607629427793,0.0123456790123457,0.0142857142857143,0.0215446642308177,0.0363025210084034,0.00987797791981406,0.0107142857142857,0.022439585730725,0.0333091962346126,0.0140597539543058,0.022196261682243,0.00124223602484472,0.0278884462151394,0.0152621101526211,0.0022075055187638,0.004,0.00532386867790594,0.0182648401826484,0.0306748466257669,0,0.0121184230710232,0.0416666666666667,0.0271703114645461,0.00962566844919786,0.037137069547603,0.00576368876080692,0.013009540329575,0.0916496945010183,0.0154794324208112
"UKR",0.00159744408945687,0,0.00259403372243839,0,0,0.00175233644859813,0.000808407437348424,0.00140646976090014,0.00227963525835866,0.00172711571675302,0,0,0.00645161290322581,0.00413223140495868,0,0,0,0.00327868852459016,0,0.00982318271119843,0.00851063829787234,0.0016260162601626,0.00199203187250996,0,0,0.00136239782016349,0.00617283950617284,0.00238095238095238,0.00201587501574902,0.00134453781512605,0.00174317257408483,0.00178571428571429,0.0046029919447641,0.00724112961622013,0.00351493848857645,0.00350467289719626,0.00248447204968944,0.00398406374501992,0.0013271400132714,0.0033112582781457,0.008,0.0062111801242236,0,0,0.00613496932515337,0.00214756864549778,0,0.00861497680583168,0,0.00202565833896016,0.00504322766570605,0.00954032957502168,0.00610997963340122,0.00386985810520281
"URU",0.0159744408945687,0.0154083204930663,0.0103761348897536,0.00460829493087558,0.0065359477124183,0.0350467289719626,0.013338722716249,0,0.00683890577507599,0.0207253886010363,0.00847457627118644,0.0799507995079951,0,0.012396694214876,0.0140056022408964,0.0196078431372549,0.0057518488085456,0.0087431693989071,0.00617919670442842,0.00589390962671906,0.00425531914893617,0.00650406504065041,0.0298804780876494,0.00880281690140845,0.00808625336927224,0.00408719346049046,0.0185185185185185,0.0428571428571429,0.0384276174877158,0.0235294117647059,0.0325392213829169,0.0214285714285714,0.0103567318757192,0.0188269370021723,0.0105448154657293,0.00934579439252336,0.00124223602484472,0,0.0145985401459854,0.0126931567328918,0.004,0.0141969831410825,0.0136986301369863,0,0.0306748466257669,0.0322135296824666,0.0263157894736842,0.024519549370444,0.0213903743315508,0.0307224848075625,0.0122478386167147,0.028620988725065,0.00814663951120163,0.0179160097463093
"USA",0.0383386581469649,0.0061633281972265,0.0466926070038911,0.101382488479263,0.0326797385620915,0,0.0303152789005659,0.00281293952180028,0.0113981762917933,0.00172711571675302,0.0847457627118644,0.00738007380073801,0,0.0454545454545455,0.0672268907563025,0.00980392156862745,0.0558751027115859,0.0491803278688525,0.0556127703398558,0.00589390962671906,0.0127659574468085,0.0146341463414634,0.0292164674634794,0.0686619718309859,0.0404312668463612,0.0149863760217984,0.00617283950617284,0.0285714285714286,0.00667758598966864,0.0278991596638655,0.0488088320743754,0.0166666666666667,0.0293440736478711,0.00868935553946416,0.0175746924428823,0.0210280373831776,0,0.0278884462151394,0.0126078301260783,0.00827814569536424,0,0.00266193433895297,0.0228310502283105,0.0184049079754601,0,0.0161067648412333,0.0526315789473684,0.00927766732935719,0.0053475935828877,0.0135043889264011,0.0634005763688761,0,0.00203665987780041,0.0131861831732836
"UZB",0.00159744408945687,0.00154083204930663,0.00389105058365759,0,0,0.00175233644859813,0.00363783346806791,0.00984528832630099,0.00379939209726444,0.00690846286701209,0,0.001230012300123,0.00645161290322581,0.00413223140495868,0,0,0,0.00546448087431694,0.00102986611740474,0.0216110019646365,0.00425531914893617,0,0.00664010624169987,0.0246478873239437,0,0.0149863760217984,0,0.00238095238095238,0.00188988282726471,0.00235294117647059,0.00581057524694945,0.00654761904761905,0.00805523590333717,0.00217233888486604,0.0070298769771529,0.00350467289719626,0.00745341614906832,0.00398406374501992,0.019907100199071,0.00772626931567329,0.004,0.00709849157054126,0.0045662100456621,0,0,0.00460193281178095,0,0.000662690523525514,0.00213903743315508,0.0050641458474004,0.00504322766570605,0.00433651344319167,0.00203665987780041,0.00315321771535044
"VEN",0.00479233226837061,0.00308166409861325,0.00389105058365759,0.00460829493087558,0.0065359477124183,0.00058411214953271,0.000808407437348424,0.0267229254571027,0.0106382978723404,0.0250431778929188,0.00423728813559322,0.001230012300123,0.0129032258064516,0.00826446280991736,0.00140056022408964,0.0196078431372549,0.00246507806080526,0.00218579234972678,0.00102986611740474,0.00392927308447937,0,0,0.00664010624169987,0.00176056338028169,0,0.00953678474114441,0.0123456790123457,0.00714285714285714,0.00226785939271765,0.00201680672268908,0.00290528762347472,0.00654761904761905,0.0109321058688147,0.0057929036929761,0.0105448154657293,0.0186915887850467,0.0397515527950311,0.0239043824701195,0.0072992700729927,0.0259381898454746,0.056,0.0266193433895297,0.0273972602739726,0,0.0122699386503067,0.00352814848903206,0,0.00132538104705103,0.0267379679144385,0.00168804861580013,0.00576368876080692,0.00173460537727667,0.00407331975560081,0.00444317041708471
"ZIM",0,0.00154083204930663,0,0,0,0,0,0.0112517580872011,0.00227963525835866,0.00604490500863558,0,0,0,0,0,0,0,0.00109289617486339,0.00102986611740474,0.0235756385068762,0.00851063829787234,0,0.00597609561752988,0,0,0,0.00617283950617284,0,0.000377976565452942,0.00235294117647059,0,0.000595238095238095,0.00115074798619102,0.000724112961622013,0.00527240773286467,0.0116822429906542,0.0173913043478261,0,0.0006635700066357,0.00717439293598234,0.004,0.0062111801242236,0.0091324200913242,0,0,0.000460193281178095,0,0.00198807157057654,0.00641711229946524,0,0,0.00346921075455334,0.00407331975560081,0.000573312311881898
